//! Generated from postgres/src/include/common/unicode_case_table.h - Unicode
//! case-mapping tables (simple + special + dispatch index). Do NOT hand-edit.

use crate::c::{uint8, uint16, uint32};

pub const MAX_CASE_EXPANSION: usize = 3;
pub const PG_U_FINAL_SIGMA: i16 = 1 << 0;
pub const CaseLower: usize = 0;
pub const CaseTitle: usize = 1;
pub const CaseUpper: usize = 2;
pub const CaseFold: usize = 3;
pub const NCaseKind: usize = 4;

#[repr(C)] #[derive(Clone, Copy)]
pub struct pg_special_case { pub conditions: i16, pub map: [[uint32; 3]; 4] }

pub static special_case: [pg_special_case; 106] = [
    pg_special_case { conditions: 0, map: [[0, 0, 0], [0, 0, 0], [0, 0, 0], [0, 0, 0]] },
    pg_special_case { conditions: 0, map: [[0x0000df, 0x000000, 0x000000], [0x000053, 0x000073, 0x000000], [0x000053, 0x000053, 0x000000], [0x000073, 0x000073, 0x000000]] },
    pg_special_case { conditions: 0, map: [[0x000069, 0x000307, 0x000000], [0x000130, 0x000000, 0x000000], [0x000130, 0x000000, 0x000000], [0x000069, 0x000307, 0x000000]] },
    pg_special_case { conditions: 0, map: [[0x000149, 0x000000, 0x000000], [0x0002bc, 0x00004e, 0x000000], [0x0002bc, 0x00004e, 0x000000], [0x0002bc, 0x00006e, 0x000000]] },
    pg_special_case { conditions: 0, map: [[0x0001f0, 0x000000, 0x000000], [0x00004a, 0x00030c, 0x000000], [0x00004a, 0x00030c, 0x000000], [0x00006a, 0x00030c, 0x000000]] },
    pg_special_case { conditions: 0, map: [[0x000390, 0x000000, 0x000000], [0x000399, 0x000308, 0x000301], [0x000399, 0x000308, 0x000301], [0x0003b9, 0x000308, 0x000301]] },
    pg_special_case { conditions: 1, map: [[0x0003c2, 0x000000, 0x000000], [0x0003a3, 0x000000, 0x000000], [0x0003a3, 0x000000, 0x000000], [0x0003c3, 0x000000, 0x000000]] },
    pg_special_case { conditions: 0, map: [[0x0003b0, 0x000000, 0x000000], [0x0003a5, 0x000308, 0x000301], [0x0003a5, 0x000308, 0x000301], [0x0003c5, 0x000308, 0x000301]] },
    pg_special_case { conditions: 0, map: [[0x000587, 0x000000, 0x000000], [0x000535, 0x000582, 0x000000], [0x000535, 0x000552, 0x000000], [0x000565, 0x000582, 0x000000]] },
    pg_special_case { conditions: 0, map: [[0x001e96, 0x000000, 0x000000], [0x000048, 0x000331, 0x000000], [0x000048, 0x000331, 0x000000], [0x000068, 0x000331, 0x000000]] },
    pg_special_case { conditions: 0, map: [[0x001e97, 0x000000, 0x000000], [0x000054, 0x000308, 0x000000], [0x000054, 0x000308, 0x000000], [0x000074, 0x000308, 0x000000]] },
    pg_special_case { conditions: 0, map: [[0x001e98, 0x000000, 0x000000], [0x000057, 0x00030a, 0x000000], [0x000057, 0x00030a, 0x000000], [0x000077, 0x00030a, 0x000000]] },
    pg_special_case { conditions: 0, map: [[0x001e99, 0x000000, 0x000000], [0x000059, 0x00030a, 0x000000], [0x000059, 0x00030a, 0x000000], [0x000079, 0x00030a, 0x000000]] },
    pg_special_case { conditions: 0, map: [[0x001e9a, 0x000000, 0x000000], [0x000041, 0x0002be, 0x000000], [0x000041, 0x0002be, 0x000000], [0x000061, 0x0002be, 0x000000]] },
    pg_special_case { conditions: 0, map: [[0x0000df, 0x000000, 0x000000], [0x001e9e, 0x000000, 0x000000], [0x001e9e, 0x000000, 0x000000], [0x000073, 0x000073, 0x000000]] },
    pg_special_case { conditions: 0, map: [[0x001f50, 0x000000, 0x000000], [0x0003a5, 0x000313, 0x000000], [0x0003a5, 0x000313, 0x000000], [0x0003c5, 0x000313, 0x000000]] },
    pg_special_case { conditions: 0, map: [[0x001f52, 0x000000, 0x000000], [0x0003a5, 0x000313, 0x000300], [0x0003a5, 0x000313, 0x000300], [0x0003c5, 0x000313, 0x000300]] },
    pg_special_case { conditions: 0, map: [[0x001f54, 0x000000, 0x000000], [0x0003a5, 0x000313, 0x000301], [0x0003a5, 0x000313, 0x000301], [0x0003c5, 0x000313, 0x000301]] },
    pg_special_case { conditions: 0, map: [[0x001f56, 0x000000, 0x000000], [0x0003a5, 0x000313, 0x000342], [0x0003a5, 0x000313, 0x000342], [0x0003c5, 0x000313, 0x000342]] },
    pg_special_case { conditions: 0, map: [[0x001f80, 0x000000, 0x000000], [0x001f88, 0x000000, 0x000000], [0x001f08, 0x000399, 0x000000], [0x001f00, 0x0003b9, 0x000000]] },
    pg_special_case { conditions: 0, map: [[0x001f81, 0x000000, 0x000000], [0x001f89, 0x000000, 0x000000], [0x001f09, 0x000399, 0x000000], [0x001f01, 0x0003b9, 0x000000]] },
    pg_special_case { conditions: 0, map: [[0x001f82, 0x000000, 0x000000], [0x001f8a, 0x000000, 0x000000], [0x001f0a, 0x000399, 0x000000], [0x001f02, 0x0003b9, 0x000000]] },
    pg_special_case { conditions: 0, map: [[0x001f83, 0x000000, 0x000000], [0x001f8b, 0x000000, 0x000000], [0x001f0b, 0x000399, 0x000000], [0x001f03, 0x0003b9, 0x000000]] },
    pg_special_case { conditions: 0, map: [[0x001f84, 0x000000, 0x000000], [0x001f8c, 0x000000, 0x000000], [0x001f0c, 0x000399, 0x000000], [0x001f04, 0x0003b9, 0x000000]] },
    pg_special_case { conditions: 0, map: [[0x001f85, 0x000000, 0x000000], [0x001f8d, 0x000000, 0x000000], [0x001f0d, 0x000399, 0x000000], [0x001f05, 0x0003b9, 0x000000]] },
    pg_special_case { conditions: 0, map: [[0x001f86, 0x000000, 0x000000], [0x001f8e, 0x000000, 0x000000], [0x001f0e, 0x000399, 0x000000], [0x001f06, 0x0003b9, 0x000000]] },
    pg_special_case { conditions: 0, map: [[0x001f87, 0x000000, 0x000000], [0x001f8f, 0x000000, 0x000000], [0x001f0f, 0x000399, 0x000000], [0x001f07, 0x0003b9, 0x000000]] },
    pg_special_case { conditions: 0, map: [[0x001f80, 0x000000, 0x000000], [0x001f88, 0x000000, 0x000000], [0x001f08, 0x000399, 0x000000], [0x001f00, 0x0003b9, 0x000000]] },
    pg_special_case { conditions: 0, map: [[0x001f81, 0x000000, 0x000000], [0x001f89, 0x000000, 0x000000], [0x001f09, 0x000399, 0x000000], [0x001f01, 0x0003b9, 0x000000]] },
    pg_special_case { conditions: 0, map: [[0x001f82, 0x000000, 0x000000], [0x001f8a, 0x000000, 0x000000], [0x001f0a, 0x000399, 0x000000], [0x001f02, 0x0003b9, 0x000000]] },
    pg_special_case { conditions: 0, map: [[0x001f83, 0x000000, 0x000000], [0x001f8b, 0x000000, 0x000000], [0x001f0b, 0x000399, 0x000000], [0x001f03, 0x0003b9, 0x000000]] },
    pg_special_case { conditions: 0, map: [[0x001f84, 0x000000, 0x000000], [0x001f8c, 0x000000, 0x000000], [0x001f0c, 0x000399, 0x000000], [0x001f04, 0x0003b9, 0x000000]] },
    pg_special_case { conditions: 0, map: [[0x001f85, 0x000000, 0x000000], [0x001f8d, 0x000000, 0x000000], [0x001f0d, 0x000399, 0x000000], [0x001f05, 0x0003b9, 0x000000]] },
    pg_special_case { conditions: 0, map: [[0x001f86, 0x000000, 0x000000], [0x001f8e, 0x000000, 0x000000], [0x001f0e, 0x000399, 0x000000], [0x001f06, 0x0003b9, 0x000000]] },
    pg_special_case { conditions: 0, map: [[0x001f87, 0x000000, 0x000000], [0x001f8f, 0x000000, 0x000000], [0x001f0f, 0x000399, 0x000000], [0x001f07, 0x0003b9, 0x000000]] },
    pg_special_case { conditions: 0, map: [[0x001f90, 0x000000, 0x000000], [0x001f98, 0x000000, 0x000000], [0x001f28, 0x000399, 0x000000], [0x001f20, 0x0003b9, 0x000000]] },
    pg_special_case { conditions: 0, map: [[0x001f91, 0x000000, 0x000000], [0x001f99, 0x000000, 0x000000], [0x001f29, 0x000399, 0x000000], [0x001f21, 0x0003b9, 0x000000]] },
    pg_special_case { conditions: 0, map: [[0x001f92, 0x000000, 0x000000], [0x001f9a, 0x000000, 0x000000], [0x001f2a, 0x000399, 0x000000], [0x001f22, 0x0003b9, 0x000000]] },
    pg_special_case { conditions: 0, map: [[0x001f93, 0x000000, 0x000000], [0x001f9b, 0x000000, 0x000000], [0x001f2b, 0x000399, 0x000000], [0x001f23, 0x0003b9, 0x000000]] },
    pg_special_case { conditions: 0, map: [[0x001f94, 0x000000, 0x000000], [0x001f9c, 0x000000, 0x000000], [0x001f2c, 0x000399, 0x000000], [0x001f24, 0x0003b9, 0x000000]] },
    pg_special_case { conditions: 0, map: [[0x001f95, 0x000000, 0x000000], [0x001f9d, 0x000000, 0x000000], [0x001f2d, 0x000399, 0x000000], [0x001f25, 0x0003b9, 0x000000]] },
    pg_special_case { conditions: 0, map: [[0x001f96, 0x000000, 0x000000], [0x001f9e, 0x000000, 0x000000], [0x001f2e, 0x000399, 0x000000], [0x001f26, 0x0003b9, 0x000000]] },
    pg_special_case { conditions: 0, map: [[0x001f97, 0x000000, 0x000000], [0x001f9f, 0x000000, 0x000000], [0x001f2f, 0x000399, 0x000000], [0x001f27, 0x0003b9, 0x000000]] },
    pg_special_case { conditions: 0, map: [[0x001f90, 0x000000, 0x000000], [0x001f98, 0x000000, 0x000000], [0x001f28, 0x000399, 0x000000], [0x001f20, 0x0003b9, 0x000000]] },
    pg_special_case { conditions: 0, map: [[0x001f91, 0x000000, 0x000000], [0x001f99, 0x000000, 0x000000], [0x001f29, 0x000399, 0x000000], [0x001f21, 0x0003b9, 0x000000]] },
    pg_special_case { conditions: 0, map: [[0x001f92, 0x000000, 0x000000], [0x001f9a, 0x000000, 0x000000], [0x001f2a, 0x000399, 0x000000], [0x001f22, 0x0003b9, 0x000000]] },
    pg_special_case { conditions: 0, map: [[0x001f93, 0x000000, 0x000000], [0x001f9b, 0x000000, 0x000000], [0x001f2b, 0x000399, 0x000000], [0x001f23, 0x0003b9, 0x000000]] },
    pg_special_case { conditions: 0, map: [[0x001f94, 0x000000, 0x000000], [0x001f9c, 0x000000, 0x000000], [0x001f2c, 0x000399, 0x000000], [0x001f24, 0x0003b9, 0x000000]] },
    pg_special_case { conditions: 0, map: [[0x001f95, 0x000000, 0x000000], [0x001f9d, 0x000000, 0x000000], [0x001f2d, 0x000399, 0x000000], [0x001f25, 0x0003b9, 0x000000]] },
    pg_special_case { conditions: 0, map: [[0x001f96, 0x000000, 0x000000], [0x001f9e, 0x000000, 0x000000], [0x001f2e, 0x000399, 0x000000], [0x001f26, 0x0003b9, 0x000000]] },
    pg_special_case { conditions: 0, map: [[0x001f97, 0x000000, 0x000000], [0x001f9f, 0x000000, 0x000000], [0x001f2f, 0x000399, 0x000000], [0x001f27, 0x0003b9, 0x000000]] },
    pg_special_case { conditions: 0, map: [[0x001fa0, 0x000000, 0x000000], [0x001fa8, 0x000000, 0x000000], [0x001f68, 0x000399, 0x000000], [0x001f60, 0x0003b9, 0x000000]] },
    pg_special_case { conditions: 0, map: [[0x001fa1, 0x000000, 0x000000], [0x001fa9, 0x000000, 0x000000], [0x001f69, 0x000399, 0x000000], [0x001f61, 0x0003b9, 0x000000]] },
    pg_special_case { conditions: 0, map: [[0x001fa2, 0x000000, 0x000000], [0x001faa, 0x000000, 0x000000], [0x001f6a, 0x000399, 0x000000], [0x001f62, 0x0003b9, 0x000000]] },
    pg_special_case { conditions: 0, map: [[0x001fa3, 0x000000, 0x000000], [0x001fab, 0x000000, 0x000000], [0x001f6b, 0x000399, 0x000000], [0x001f63, 0x0003b9, 0x000000]] },
    pg_special_case { conditions: 0, map: [[0x001fa4, 0x000000, 0x000000], [0x001fac, 0x000000, 0x000000], [0x001f6c, 0x000399, 0x000000], [0x001f64, 0x0003b9, 0x000000]] },
    pg_special_case { conditions: 0, map: [[0x001fa5, 0x000000, 0x000000], [0x001fad, 0x000000, 0x000000], [0x001f6d, 0x000399, 0x000000], [0x001f65, 0x0003b9, 0x000000]] },
    pg_special_case { conditions: 0, map: [[0x001fa6, 0x000000, 0x000000], [0x001fae, 0x000000, 0x000000], [0x001f6e, 0x000399, 0x000000], [0x001f66, 0x0003b9, 0x000000]] },
    pg_special_case { conditions: 0, map: [[0x001fa7, 0x000000, 0x000000], [0x001faf, 0x000000, 0x000000], [0x001f6f, 0x000399, 0x000000], [0x001f67, 0x0003b9, 0x000000]] },
    pg_special_case { conditions: 0, map: [[0x001fa0, 0x000000, 0x000000], [0x001fa8, 0x000000, 0x000000], [0x001f68, 0x000399, 0x000000], [0x001f60, 0x0003b9, 0x000000]] },
    pg_special_case { conditions: 0, map: [[0x001fa1, 0x000000, 0x000000], [0x001fa9, 0x000000, 0x000000], [0x001f69, 0x000399, 0x000000], [0x001f61, 0x0003b9, 0x000000]] },
    pg_special_case { conditions: 0, map: [[0x001fa2, 0x000000, 0x000000], [0x001faa, 0x000000, 0x000000], [0x001f6a, 0x000399, 0x000000], [0x001f62, 0x0003b9, 0x000000]] },
    pg_special_case { conditions: 0, map: [[0x001fa3, 0x000000, 0x000000], [0x001fab, 0x000000, 0x000000], [0x001f6b, 0x000399, 0x000000], [0x001f63, 0x0003b9, 0x000000]] },
    pg_special_case { conditions: 0, map: [[0x001fa4, 0x000000, 0x000000], [0x001fac, 0x000000, 0x000000], [0x001f6c, 0x000399, 0x000000], [0x001f64, 0x0003b9, 0x000000]] },
    pg_special_case { conditions: 0, map: [[0x001fa5, 0x000000, 0x000000], [0x001fad, 0x000000, 0x000000], [0x001f6d, 0x000399, 0x000000], [0x001f65, 0x0003b9, 0x000000]] },
    pg_special_case { conditions: 0, map: [[0x001fa6, 0x000000, 0x000000], [0x001fae, 0x000000, 0x000000], [0x001f6e, 0x000399, 0x000000], [0x001f66, 0x0003b9, 0x000000]] },
    pg_special_case { conditions: 0, map: [[0x001fa7, 0x000000, 0x000000], [0x001faf, 0x000000, 0x000000], [0x001f6f, 0x000399, 0x000000], [0x001f67, 0x0003b9, 0x000000]] },
    pg_special_case { conditions: 0, map: [[0x001fb2, 0x000000, 0x000000], [0x001fba, 0x000345, 0x000000], [0x001fba, 0x000399, 0x000000], [0x001f70, 0x0003b9, 0x000000]] },
    pg_special_case { conditions: 0, map: [[0x001fb3, 0x000000, 0x000000], [0x001fbc, 0x000000, 0x000000], [0x000391, 0x000399, 0x000000], [0x0003b1, 0x0003b9, 0x000000]] },
    pg_special_case { conditions: 0, map: [[0x001fb4, 0x000000, 0x000000], [0x000386, 0x000345, 0x000000], [0x000386, 0x000399, 0x000000], [0x0003ac, 0x0003b9, 0x000000]] },
    pg_special_case { conditions: 0, map: [[0x001fb6, 0x000000, 0x000000], [0x000391, 0x000342, 0x000000], [0x000391, 0x000342, 0x000000], [0x0003b1, 0x000342, 0x000000]] },
    pg_special_case { conditions: 0, map: [[0x001fb7, 0x000000, 0x000000], [0x000391, 0x000342, 0x000345], [0x000391, 0x000342, 0x000399], [0x0003b1, 0x000342, 0x0003b9]] },
    pg_special_case { conditions: 0, map: [[0x001fb3, 0x000000, 0x000000], [0x001fbc, 0x000000, 0x000000], [0x000391, 0x000399, 0x000000], [0x0003b1, 0x0003b9, 0x000000]] },
    pg_special_case { conditions: 0, map: [[0x001fc2, 0x000000, 0x000000], [0x001fca, 0x000345, 0x000000], [0x001fca, 0x000399, 0x000000], [0x001f74, 0x0003b9, 0x000000]] },
    pg_special_case { conditions: 0, map: [[0x001fc3, 0x000000, 0x000000], [0x001fcc, 0x000000, 0x000000], [0x000397, 0x000399, 0x000000], [0x0003b7, 0x0003b9, 0x000000]] },
    pg_special_case { conditions: 0, map: [[0x001fc4, 0x000000, 0x000000], [0x000389, 0x000345, 0x000000], [0x000389, 0x000399, 0x000000], [0x0003ae, 0x0003b9, 0x000000]] },
    pg_special_case { conditions: 0, map: [[0x001fc6, 0x000000, 0x000000], [0x000397, 0x000342, 0x000000], [0x000397, 0x000342, 0x000000], [0x0003b7, 0x000342, 0x000000]] },
    pg_special_case { conditions: 0, map: [[0x001fc7, 0x000000, 0x000000], [0x000397, 0x000342, 0x000345], [0x000397, 0x000342, 0x000399], [0x0003b7, 0x000342, 0x0003b9]] },
    pg_special_case { conditions: 0, map: [[0x001fc3, 0x000000, 0x000000], [0x001fcc, 0x000000, 0x000000], [0x000397, 0x000399, 0x000000], [0x0003b7, 0x0003b9, 0x000000]] },
    pg_special_case { conditions: 0, map: [[0x001fd2, 0x000000, 0x000000], [0x000399, 0x000308, 0x000300], [0x000399, 0x000308, 0x000300], [0x0003b9, 0x000308, 0x000300]] },
    pg_special_case { conditions: 0, map: [[0x001fd3, 0x000000, 0x000000], [0x000399, 0x000308, 0x000301], [0x000399, 0x000308, 0x000301], [0x0003b9, 0x000308, 0x000301]] },
    pg_special_case { conditions: 0, map: [[0x001fd6, 0x000000, 0x000000], [0x000399, 0x000342, 0x000000], [0x000399, 0x000342, 0x000000], [0x0003b9, 0x000342, 0x000000]] },
    pg_special_case { conditions: 0, map: [[0x001fd7, 0x000000, 0x000000], [0x000399, 0x000308, 0x000342], [0x000399, 0x000308, 0x000342], [0x0003b9, 0x000308, 0x000342]] },
    pg_special_case { conditions: 0, map: [[0x001fe2, 0x000000, 0x000000], [0x0003a5, 0x000308, 0x000300], [0x0003a5, 0x000308, 0x000300], [0x0003c5, 0x000308, 0x000300]] },
    pg_special_case { conditions: 0, map: [[0x001fe3, 0x000000, 0x000000], [0x0003a5, 0x000308, 0x000301], [0x0003a5, 0x000308, 0x000301], [0x0003c5, 0x000308, 0x000301]] },
    pg_special_case { conditions: 0, map: [[0x001fe4, 0x000000, 0x000000], [0x0003a1, 0x000313, 0x000000], [0x0003a1, 0x000313, 0x000000], [0x0003c1, 0x000313, 0x000000]] },
    pg_special_case { conditions: 0, map: [[0x001fe6, 0x000000, 0x000000], [0x0003a5, 0x000342, 0x000000], [0x0003a5, 0x000342, 0x000000], [0x0003c5, 0x000342, 0x000000]] },
    pg_special_case { conditions: 0, map: [[0x001fe7, 0x000000, 0x000000], [0x0003a5, 0x000308, 0x000342], [0x0003a5, 0x000308, 0x000342], [0x0003c5, 0x000308, 0x000342]] },
    pg_special_case { conditions: 0, map: [[0x001ff2, 0x000000, 0x000000], [0x001ffa, 0x000345, 0x000000], [0x001ffa, 0x000399, 0x000000], [0x001f7c, 0x0003b9, 0x000000]] },
    pg_special_case { conditions: 0, map: [[0x001ff3, 0x000000, 0x000000], [0x001ffc, 0x000000, 0x000000], [0x0003a9, 0x000399, 0x000000], [0x0003c9, 0x0003b9, 0x000000]] },
    pg_special_case { conditions: 0, map: [[0x001ff4, 0x000000, 0x000000], [0x00038f, 0x000345, 0x000000], [0x00038f, 0x000399, 0x000000], [0x0003ce, 0x0003b9, 0x000000]] },
    pg_special_case { conditions: 0, map: [[0x001ff6, 0x000000, 0x000000], [0x0003a9, 0x000342, 0x000000], [0x0003a9, 0x000342, 0x000000], [0x0003c9, 0x000342, 0x000000]] },
    pg_special_case { conditions: 0, map: [[0x001ff7, 0x000000, 0x000000], [0x0003a9, 0x000342, 0x000345], [0x0003a9, 0x000342, 0x000399], [0x0003c9, 0x000342, 0x0003b9]] },
    pg_special_case { conditions: 0, map: [[0x001ff3, 0x000000, 0x000000], [0x001ffc, 0x000000, 0x000000], [0x0003a9, 0x000399, 0x000000], [0x0003c9, 0x0003b9, 0x000000]] },
    pg_special_case { conditions: 0, map: [[0x00fb00, 0x000000, 0x000000], [0x000046, 0x000066, 0x000000], [0x000046, 0x000046, 0x000000], [0x000066, 0x000066, 0x000000]] },
    pg_special_case { conditions: 0, map: [[0x00fb01, 0x000000, 0x000000], [0x000046, 0x000069, 0x000000], [0x000046, 0x000049, 0x000000], [0x000066, 0x000069, 0x000000]] },
    pg_special_case { conditions: 0, map: [[0x00fb02, 0x000000, 0x000000], [0x000046, 0x00006c, 0x000000], [0x000046, 0x00004c, 0x000000], [0x000066, 0x00006c, 0x000000]] },
    pg_special_case { conditions: 0, map: [[0x00fb03, 0x000000, 0x000000], [0x000046, 0x000066, 0x000069], [0x000046, 0x000046, 0x000049], [0x000066, 0x000066, 0x000069]] },
    pg_special_case { conditions: 0, map: [[0x00fb04, 0x000000, 0x000000], [0x000046, 0x000066, 0x00006c], [0x000046, 0x000046, 0x00004c], [0x000066, 0x000066, 0x00006c]] },
    pg_special_case { conditions: 0, map: [[0x00fb05, 0x000000, 0x000000], [0x000053, 0x000074, 0x000000], [0x000053, 0x000054, 0x000000], [0x000073, 0x000074, 0x000000]] },
    pg_special_case { conditions: 0, map: [[0x00fb06, 0x000000, 0x000000], [0x000053, 0x000074, 0x000000], [0x000053, 0x000054, 0x000000], [0x000073, 0x000074, 0x000000]] },
    pg_special_case { conditions: 0, map: [[0x00fb13, 0x000000, 0x000000], [0x000544, 0x000576, 0x000000], [0x000544, 0x000546, 0x000000], [0x000574, 0x000576, 0x000000]] },
    pg_special_case { conditions: 0, map: [[0x00fb14, 0x000000, 0x000000], [0x000544, 0x000565, 0x000000], [0x000544, 0x000535, 0x000000], [0x000574, 0x000565, 0x000000]] },
    pg_special_case { conditions: 0, map: [[0x00fb15, 0x000000, 0x000000], [0x000544, 0x00056b, 0x000000], [0x000544, 0x00053b, 0x000000], [0x000574, 0x00056b, 0x000000]] },
    pg_special_case { conditions: 0, map: [[0x00fb16, 0x000000, 0x000000], [0x00054e, 0x000576, 0x000000], [0x00054e, 0x000546, 0x000000], [0x00057e, 0x000576, 0x000000]] },
    pg_special_case { conditions: 0, map: [[0x00fb17, 0x000000, 0x000000], [0x000544, 0x00056d, 0x000000], [0x000544, 0x00053d, 0x000000], [0x000574, 0x00056d, 0x000000]] },
];

pub static case_map_lower: [uint32; 1704] = [
    0x000000, 0x000000, 0x000001, 0x000002, 0x000003, 0x000004, 0x000005, 0x000006, 0x000007, 0x000008, 0x000009, 0x00000a, 0x00000b, 0x00000c, 0x00000d, 0x00000e,
    0x00000f, 0x000010, 0x000011, 0x000012, 0x000013, 0x000014, 0x000015, 0x000016, 0x000017, 0x000018, 0x000019, 0x00001a, 0x00001b, 0x00001c, 0x00001d, 0x00001e,
    0x00001f, 0x000020, 0x000021, 0x000022, 0x000023, 0x000024, 0x000025, 0x000026, 0x000027, 0x000028, 0x000029, 0x00002a, 0x00002b, 0x00002c, 0x00002d, 0x00002e,
    0x00002f, 0x000030, 0x000031, 0x000032, 0x000033, 0x000034, 0x000035, 0x000036, 0x000037, 0x000038, 0x000039, 0x00003a, 0x00003b, 0x00003c, 0x00003d, 0x00003e,
    0x00003f, 0x000040, 0x000061, 0x000062, 0x000063, 0x000064, 0x000065, 0x000066, 0x000067, 0x000068, 0x000069, 0x00006a, 0x00006b, 0x00006c, 0x00006d, 0x00006e,
    0x00006f, 0x000070, 0x000071, 0x000072, 0x000073, 0x000074, 0x000075, 0x000076, 0x000077, 0x000078, 0x000079, 0x00007a, 0x00005b, 0x00005c, 0x00005d, 0x00005e,
    0x00005f, 0x000060, 0x000061, 0x000062, 0x000063, 0x000064, 0x000065, 0x000066, 0x000067, 0x000068, 0x000069, 0x00006a, 0x00006b, 0x00006c, 0x00006d, 0x00006e,
    0x00006f, 0x000070, 0x000071, 0x000072, 0x000073, 0x000074, 0x000075, 0x000076, 0x000077, 0x000078, 0x000079, 0x00007a, 0x00007b, 0x00007c, 0x00007d, 0x00007e,
    0x00007f, 0x0000b5, 0x0000e0, 0x0000e1, 0x0000e2, 0x0000e3, 0x0000e4, 0x0000e5, 0x0000e6, 0x0000e7, 0x0000e8, 0x0000e9, 0x0000ea, 0x0000eb, 0x0000ec, 0x0000ed,
    0x0000ee, 0x0000ef, 0x0000f0, 0x0000f1, 0x0000f2, 0x0000f3, 0x0000f4, 0x0000f5, 0x0000f6, 0x0000f8, 0x0000f9, 0x0000fa, 0x0000fb, 0x0000fc, 0x0000fd, 0x0000fe,
    0x0000df, 0x0000ff, 0x000101, 0x000103, 0x000105, 0x000107, 0x000109, 0x00010b, 0x00010d, 0x00010f, 0x000111, 0x000113, 0x000115, 0x000117, 0x000119, 0x00011b,
    0x00011d, 0x00011f, 0x000121, 0x000123, 0x000125, 0x000127, 0x000129, 0x00012b, 0x00012d, 0x00012f, 0x000069, 0x000131, 0x000133, 0x000135, 0x000137, 0x00013a,
    0x00013c, 0x00013e, 0x000140, 0x000142, 0x000144, 0x000146, 0x000148, 0x000149, 0x00014b, 0x00014d, 0x00014f, 0x000151, 0x000153, 0x000155, 0x000157, 0x000159,
    0x00015b, 0x00015d, 0x00015f, 0x000161, 0x000163, 0x000165, 0x000167, 0x000169, 0x00016b, 0x00016d, 0x00016f, 0x000171, 0x000173, 0x000175, 0x000177, 0x00017a,
    0x00017c, 0x00017e, 0x00017f, 0x000180, 0x000253, 0x000183, 0x000185, 0x000254, 0x000188, 0x000256, 0x000257, 0x00018c, 0x0001dd, 0x000259, 0x00025b, 0x000192,
    0x000260, 0x000263, 0x000195, 0x000269, 0x000268, 0x000199, 0x00019a, 0x00019b, 0x00026f, 0x000272, 0x00019e, 0x000275, 0x0001a1, 0x0001a3, 0x0001a5, 0x000280,
    0x0001a8, 0x000283, 0x0001ad, 0x000288, 0x0001b0, 0x00028a, 0x00028b, 0x0001b4, 0x0001b6, 0x000292, 0x0001b9, 0x0001bd, 0x0001bf, 0x0001c6, 0x0001c9, 0x0001cc,
    0x0001ce, 0x0001d0, 0x0001d2, 0x0001d4, 0x0001d6, 0x0001d8, 0x0001da, 0x0001dc, 0x0001df, 0x0001e1, 0x0001e3, 0x0001e5, 0x0001e7, 0x0001e9, 0x0001eb, 0x0001ed,
    0x0001ef, 0x0001f0, 0x0001f3, 0x0001f5, 0x0001f9, 0x0001fb, 0x0001fd, 0x0001ff, 0x000201, 0x000203, 0x000205, 0x000207, 0x000209, 0x00020b, 0x00020d, 0x00020f,
    0x000211, 0x000213, 0x000215, 0x000217, 0x000219, 0x00021b, 0x00021d, 0x00021f, 0x000223, 0x000225, 0x000227, 0x000229, 0x00022b, 0x00022d, 0x00022f, 0x000231,
    0x000233, 0x002c65, 0x00023c, 0x002c66, 0x00023f, 0x000240, 0x000242, 0x000289, 0x00028c, 0x000247, 0x000249, 0x00024b, 0x00024d, 0x00024f, 0x000250, 0x000251,
    0x000252, 0x00025c, 0x000261, 0x000264, 0x000265, 0x000266, 0x00026a, 0x00026b, 0x00026c, 0x000271, 0x00027d, 0x000282, 0x000287, 0x00029d, 0x00029e, 0x000345,
    0x000371, 0x000373, 0x000377, 0x00037b, 0x00037c, 0x00037d, 0x0003f3, 0x0003ac, 0x0003ad, 0x0003ae, 0x0003af, 0x0003cc, 0x0003cd, 0x0003ce, 0x000390, 0x0003b1,
    0x0003b2, 0x0003b3, 0x0003b4, 0x0003b5, 0x0003b6, 0x0003b7, 0x0003b8, 0x0003b9, 0x0003ba, 0x0003bb, 0x0003bc, 0x0003bd, 0x0003be, 0x0003bf, 0x0003c0, 0x0003c1,
    0x0003c3, 0x0003c4, 0x0003c5, 0x0003c6, 0x0003c7, 0x0003c8, 0x0003c9, 0x0003ca, 0x0003cb, 0x0003b0, 0x0003c2, 0x0003c3, 0x0003d7, 0x0003d0, 0x0003d1, 0x0003d5,
    0x0003d6, 0x0003d9, 0x0003db, 0x0003dd, 0x0003df, 0x0003e1, 0x0003e3, 0x0003e5, 0x0003e7, 0x0003e9, 0x0003eb, 0x0003ed, 0x0003ef, 0x0003f0, 0x0003f1, 0x0003f2,
    0x0003b8, 0x0003f5, 0x0003f8, 0x0003fb, 0x000450, 0x000451, 0x000452, 0x000453, 0x000454, 0x000455, 0x000456, 0x000457, 0x000458, 0x000459, 0x00045a, 0x00045b,
    0x00045c, 0x00045d, 0x00045e, 0x00045f, 0x000430, 0x000431, 0x000432, 0x000433, 0x000434, 0x000435, 0x000436, 0x000437, 0x000438, 0x000439, 0x00043a, 0x00043b,
    0x00043c, 0x00043d, 0x00043e, 0x00043f, 0x000440, 0x000441, 0x000442, 0x000443, 0x000444, 0x000445, 0x000446, 0x000447, 0x000448, 0x000449, 0x00044a, 0x00044b,
    0x00044c, 0x00044d, 0x00044e, 0x00044f, 0x000461, 0x000463, 0x000465, 0x000467, 0x000469, 0x00046b, 0x00046d, 0x00046f, 0x000471, 0x000473, 0x000475, 0x000477,
    0x000479, 0x00047b, 0x00047d, 0x00047f, 0x000481, 0x00048b, 0x00048d, 0x00048f, 0x000491, 0x000493, 0x000495, 0x000497, 0x000499, 0x00049b, 0x00049d, 0x00049f,
    0x0004a1, 0x0004a3, 0x0004a5, 0x0004a7, 0x0004a9, 0x0004ab, 0x0004ad, 0x0004af, 0x0004b1, 0x0004b3, 0x0004b5, 0x0004b7, 0x0004b9, 0x0004bb, 0x0004bd, 0x0004bf,
    0x0004cf, 0x0004c2, 0x0004c4, 0x0004c6, 0x0004c8, 0x0004ca, 0x0004cc, 0x0004ce, 0x0004d1, 0x0004d3, 0x0004d5, 0x0004d7, 0x0004d9, 0x0004db, 0x0004dd, 0x0004df,
    0x0004e1, 0x0004e3, 0x0004e5, 0x0004e7, 0x0004e9, 0x0004eb, 0x0004ed, 0x0004ef, 0x0004f1, 0x0004f3, 0x0004f5, 0x0004f7, 0x0004f9, 0x0004fb, 0x0004fd, 0x0004ff,
    0x000501, 0x000503, 0x000505, 0x000507, 0x000509, 0x00050b, 0x00050d, 0x00050f, 0x000511, 0x000513, 0x000515, 0x000517, 0x000519, 0x00051b, 0x00051d, 0x00051f,
    0x000521, 0x000523, 0x000525, 0x000527, 0x000529, 0x00052b, 0x00052d, 0x00052f, 0x000561, 0x000562, 0x000563, 0x000564, 0x000565, 0x000566, 0x000567, 0x000568,
    0x000569, 0x00056a, 0x00056b, 0x00056c, 0x00056d, 0x00056e, 0x00056f, 0x000570, 0x000571, 0x000572, 0x000573, 0x000574, 0x000575, 0x000576, 0x000577, 0x000578,
    0x000579, 0x00057a, 0x00057b, 0x00057c, 0x00057d, 0x00057e, 0x00057f, 0x000580, 0x000581, 0x000582, 0x000583, 0x000584, 0x000585, 0x000586, 0x000587, 0x002d00,
    0x002d01, 0x002d02, 0x002d03, 0x002d04, 0x002d05, 0x002d06, 0x002d07, 0x002d08, 0x002d09, 0x002d0a, 0x002d0b, 0x002d0c, 0x002d0d, 0x002d0e, 0x002d0f, 0x002d10,
    0x002d11, 0x002d12, 0x002d13, 0x002d14, 0x002d15, 0x002d16, 0x002d17, 0x002d18, 0x002d19, 0x002d1a, 0x002d1b, 0x002d1c, 0x002d1d, 0x002d1e, 0x002d1f, 0x002d20,
    0x002d21, 0x002d22, 0x002d23, 0x002d24, 0x002d25, 0x002d27, 0x002d2d, 0x0010d0, 0x0010d1, 0x0010d2, 0x0010d3, 0x0010d4, 0x0010d5, 0x0010d6, 0x0010d7, 0x0010d8,
    0x0010d9, 0x0010da, 0x0010db, 0x0010dc, 0x0010dd, 0x0010de, 0x0010df, 0x0010e0, 0x0010e1, 0x0010e2, 0x0010e3, 0x0010e4, 0x0010e5, 0x0010e6, 0x0010e7, 0x0010e8,
    0x0010e9, 0x0010ea, 0x0010eb, 0x0010ec, 0x0010ed, 0x0010ee, 0x0010ef, 0x0010f0, 0x0010f1, 0x0010f2, 0x0010f3, 0x0010f4, 0x0010f5, 0x0010f6, 0x0010f7, 0x0010f8,
    0x0010f9, 0x0010fa, 0x0010fd, 0x0010fe, 0x0010ff, 0x00ab70, 0x00ab71, 0x00ab72, 0x00ab73, 0x00ab74, 0x00ab75, 0x00ab76, 0x00ab77, 0x00ab78, 0x00ab79, 0x00ab7a,
    0x00ab7b, 0x00ab7c, 0x00ab7d, 0x00ab7e, 0x00ab7f, 0x00ab80, 0x00ab81, 0x00ab82, 0x00ab83, 0x00ab84, 0x00ab85, 0x00ab86, 0x00ab87, 0x00ab88, 0x00ab89, 0x00ab8a,
    0x00ab8b, 0x00ab8c, 0x00ab8d, 0x00ab8e, 0x00ab8f, 0x00ab90, 0x00ab91, 0x00ab92, 0x00ab93, 0x00ab94, 0x00ab95, 0x00ab96, 0x00ab97, 0x00ab98, 0x00ab99, 0x00ab9a,
    0x00ab9b, 0x00ab9c, 0x00ab9d, 0x00ab9e, 0x00ab9f, 0x00aba0, 0x00aba1, 0x00aba2, 0x00aba3, 0x00aba4, 0x00aba5, 0x00aba6, 0x00aba7, 0x00aba8, 0x00aba9, 0x00abaa,
    0x00abab, 0x00abac, 0x00abad, 0x00abae, 0x00abaf, 0x00abb0, 0x00abb1, 0x00abb2, 0x00abb3, 0x00abb4, 0x00abb5, 0x00abb6, 0x00abb7, 0x00abb8, 0x00abb9, 0x00abba,
    0x00abbb, 0x00abbc, 0x00abbd, 0x00abbe, 0x00abbf, 0x0013f8, 0x0013f9, 0x0013fa, 0x0013fb, 0x0013fc, 0x0013fd, 0x001c80, 0x001c81, 0x001c82, 0x001c83, 0x001c84,
    0x001c85, 0x001c86, 0x001c87, 0x001c88, 0x001c8a, 0x0010d0, 0x0010d1, 0x0010d2, 0x0010d3, 0x0010d4, 0x0010d5, 0x0010d6, 0x0010d7, 0x0010d8, 0x0010d9, 0x0010da,
    0x0010db, 0x0010dc, 0x0010dd, 0x0010de, 0x0010df, 0x0010e0, 0x0010e1, 0x0010e2, 0x0010e3, 0x0010e4, 0x0010e5, 0x0010e6, 0x0010e7, 0x0010e8, 0x0010e9, 0x0010ea,
    0x0010eb, 0x0010ec, 0x0010ed, 0x0010ee, 0x0010ef, 0x0010f0, 0x0010f1, 0x0010f2, 0x0010f3, 0x0010f4, 0x0010f5, 0x0010f6, 0x0010f7, 0x0010f8, 0x0010f9, 0x0010fa,
    0x0010fd, 0x0010fe, 0x0010ff, 0x001d79, 0x001d7d, 0x001d8e, 0x001e01, 0x001e03, 0x001e05, 0x001e07, 0x001e09, 0x001e0b, 0x001e0d, 0x001e0f, 0x001e11, 0x001e13,
    0x001e15, 0x001e17, 0x001e19, 0x001e1b, 0x001e1d, 0x001e1f, 0x001e21, 0x001e23, 0x001e25, 0x001e27, 0x001e29, 0x001e2b, 0x001e2d, 0x001e2f, 0x001e31, 0x001e33,
    0x001e35, 0x001e37, 0x001e39, 0x001e3b, 0x001e3d, 0x001e3f, 0x001e41, 0x001e43, 0x001e45, 0x001e47, 0x001e49, 0x001e4b, 0x001e4d, 0x001e4f, 0x001e51, 0x001e53,
    0x001e55, 0x001e57, 0x001e59, 0x001e5b, 0x001e5d, 0x001e5f, 0x001e61, 0x001e63, 0x001e65, 0x001e67, 0x001e69, 0x001e6b, 0x001e6d, 0x001e6f, 0x001e71, 0x001e73,
    0x001e75, 0x001e77, 0x001e79, 0x001e7b, 0x001e7d, 0x001e7f, 0x001e81, 0x001e83, 0x001e85, 0x001e87, 0x001e89, 0x001e8b, 0x001e8d, 0x001e8f, 0x001e91, 0x001e93,
    0x001e95, 0x001e96, 0x001e97, 0x001e98, 0x001e99, 0x001e9a, 0x001e9b, 0x0000df, 0x001ea1, 0x001ea3, 0x001ea5, 0x001ea7, 0x001ea9, 0x001eab, 0x001ead, 0x001eaf,
    0x001eb1, 0x001eb3, 0x001eb5, 0x001eb7, 0x001eb9, 0x001ebb, 0x001ebd, 0x001ebf, 0x001ec1, 0x001ec3, 0x001ec5, 0x001ec7, 0x001ec9, 0x001ecb, 0x001ecd, 0x001ecf,
    0x001ed1, 0x001ed3, 0x001ed5, 0x001ed7, 0x001ed9, 0x001edb, 0x001edd, 0x001edf, 0x001ee1, 0x001ee3, 0x001ee5, 0x001ee7, 0x001ee9, 0x001eeb, 0x001eed, 0x001eef,
    0x001ef1, 0x001ef3, 0x001ef5, 0x001ef7, 0x001ef9, 0x001efb, 0x001efd, 0x001eff, 0x001f00, 0x001f01, 0x001f02, 0x001f03, 0x001f04, 0x001f05, 0x001f06, 0x001f07,
    0x001f10, 0x001f11, 0x001f12, 0x001f13, 0x001f14, 0x001f15, 0x001f20, 0x001f21, 0x001f22, 0x001f23, 0x001f24, 0x001f25, 0x001f26, 0x001f27, 0x001f30, 0x001f31,
    0x001f32, 0x001f33, 0x001f34, 0x001f35, 0x001f36, 0x001f37, 0x001f40, 0x001f41, 0x001f42, 0x001f43, 0x001f44, 0x001f45, 0x001f50, 0x001f51, 0x001f52, 0x001f53,
    0x001f54, 0x001f55, 0x001f56, 0x001f57, 0x001f60, 0x001f61, 0x001f62, 0x001f63, 0x001f64, 0x001f65, 0x001f66, 0x001f67, 0x001f70, 0x001f71, 0x001f72, 0x001f73,
    0x001f74, 0x001f75, 0x001f76, 0x001f77, 0x001f78, 0x001f79, 0x001f7a, 0x001f7b, 0x001f7c, 0x001f7d, 0x001f80, 0x001f81, 0x001f82, 0x001f83, 0x001f84, 0x001f85,
    0x001f86, 0x001f87, 0x001f80, 0x001f81, 0x001f82, 0x001f83, 0x001f84, 0x001f85, 0x001f86, 0x001f87, 0x001f90, 0x001f91, 0x001f92, 0x001f93, 0x001f94, 0x001f95,
    0x001f96, 0x001f97, 0x001f90, 0x001f91, 0x001f92, 0x001f93, 0x001f94, 0x001f95, 0x001f96, 0x001f97, 0x001fa0, 0x001fa1, 0x001fa2, 0x001fa3, 0x001fa4, 0x001fa5,
    0x001fa6, 0x001fa7, 0x001fa0, 0x001fa1, 0x001fa2, 0x001fa3, 0x001fa4, 0x001fa5, 0x001fa6, 0x001fa7, 0x001fb0, 0x001fb1, 0x001fb2, 0x001fb3, 0x001fb4, 0x001fb6,
    0x001fb7, 0x001fb3, 0x001fbe, 0x001fc2, 0x001fc3, 0x001fc4, 0x001fc6, 0x001fc7, 0x001fc3, 0x001fd0, 0x001fd1, 0x001fd2, 0x001fd3, 0x001fd6, 0x001fd7, 0x001fe0,
    0x001fe1, 0x001fe2, 0x001fe3, 0x001fe4, 0x001fe5, 0x001fe6, 0x001fe7, 0x001ff2, 0x001ff3, 0x001ff4, 0x001ff6, 0x001ff7, 0x001ff3, 0x0003c9, 0x00006b, 0x0000e5,
    0x00214e, 0x002170, 0x002171, 0x002172, 0x002173, 0x002174, 0x002175, 0x002176, 0x002177, 0x002178, 0x002179, 0x00217a, 0x00217b, 0x00217c, 0x00217d, 0x00217e,
    0x00217f, 0x002184, 0x0024d0, 0x0024d1, 0x0024d2, 0x0024d3, 0x0024d4, 0x0024d5, 0x0024d6, 0x0024d7, 0x0024d8, 0x0024d9, 0x0024da, 0x0024db, 0x0024dc, 0x0024dd,
    0x0024de, 0x0024df, 0x0024e0, 0x0024e1, 0x0024e2, 0x0024e3, 0x0024e4, 0x0024e5, 0x0024e6, 0x0024e7, 0x0024e8, 0x0024e9, 0x002c30, 0x002c31, 0x002c32, 0x002c33,
    0x002c34, 0x002c35, 0x002c36, 0x002c37, 0x002c38, 0x002c39, 0x002c3a, 0x002c3b, 0x002c3c, 0x002c3d, 0x002c3e, 0x002c3f, 0x002c40, 0x002c41, 0x002c42, 0x002c43,
    0x002c44, 0x002c45, 0x002c46, 0x002c47, 0x002c48, 0x002c49, 0x002c4a, 0x002c4b, 0x002c4c, 0x002c4d, 0x002c4e, 0x002c4f, 0x002c50, 0x002c51, 0x002c52, 0x002c53,
    0x002c54, 0x002c55, 0x002c56, 0x002c57, 0x002c58, 0x002c59, 0x002c5a, 0x002c5b, 0x002c5c, 0x002c5d, 0x002c5e, 0x002c5f, 0x002c61, 0x002c68, 0x002c6a, 0x002c6c,
    0x002c73, 0x002c76, 0x002c81, 0x002c83, 0x002c85, 0x002c87, 0x002c89, 0x002c8b, 0x002c8d, 0x002c8f, 0x002c91, 0x002c93, 0x002c95, 0x002c97, 0x002c99, 0x002c9b,
    0x002c9d, 0x002c9f, 0x002ca1, 0x002ca3, 0x002ca5, 0x002ca7, 0x002ca9, 0x002cab, 0x002cad, 0x002caf, 0x002cb1, 0x002cb3, 0x002cb5, 0x002cb7, 0x002cb9, 0x002cbb,
    0x002cbd, 0x002cbf, 0x002cc1, 0x002cc3, 0x002cc5, 0x002cc7, 0x002cc9, 0x002ccb, 0x002ccd, 0x002ccf, 0x002cd1, 0x002cd3, 0x002cd5, 0x002cd7, 0x002cd9, 0x002cdb,
    0x002cdd, 0x002cdf, 0x002ce1, 0x002ce3, 0x002cec, 0x002cee, 0x002cf3, 0x00a641, 0x00a643, 0x00a645, 0x00a647, 0x00a649, 0x00a64b, 0x00a64d, 0x00a64f, 0x00a651,
    0x00a653, 0x00a655, 0x00a657, 0x00a659, 0x00a65b, 0x00a65d, 0x00a65f, 0x00a661, 0x00a663, 0x00a665, 0x00a667, 0x00a669, 0x00a66b, 0x00a66d, 0x00a681, 0x00a683,
    0x00a685, 0x00a687, 0x00a689, 0x00a68b, 0x00a68d, 0x00a68f, 0x00a691, 0x00a693, 0x00a695, 0x00a697, 0x00a699, 0x00a69b, 0x00a723, 0x00a725, 0x00a727, 0x00a729,
    0x00a72b, 0x00a72d, 0x00a72f, 0x00a733, 0x00a735, 0x00a737, 0x00a739, 0x00a73b, 0x00a73d, 0x00a73f, 0x00a741, 0x00a743, 0x00a745, 0x00a747, 0x00a749, 0x00a74b,
    0x00a74d, 0x00a74f, 0x00a751, 0x00a753, 0x00a755, 0x00a757, 0x00a759, 0x00a75b, 0x00a75d, 0x00a75f, 0x00a761, 0x00a763, 0x00a765, 0x00a767, 0x00a769, 0x00a76b,
    0x00a76d, 0x00a76f, 0x00a77a, 0x00a77c, 0x00a77f, 0x00a781, 0x00a783, 0x00a785, 0x00a787, 0x00a78c, 0x00a791, 0x00a793, 0x00a794, 0x00a797, 0x00a799, 0x00a79b,
    0x00a79d, 0x00a79f, 0x00a7a1, 0x00a7a3, 0x00a7a5, 0x00a7a7, 0x00a7a9, 0x00ab53, 0x00a7b5, 0x00a7b7, 0x00a7b9, 0x00a7bb, 0x00a7bd, 0x00a7bf, 0x00a7c1, 0x00a7c3,
    0x00a7c8, 0x00a7ca, 0x00a7cd, 0x00a7d1, 0x00a7d7, 0x00a7d9, 0x00a7db, 0x00a7f6, 0x00fb00, 0x00fb01, 0x00fb02, 0x00fb03, 0x00fb04, 0x00fb05, 0x00fb06, 0x00fb13,
    0x00fb14, 0x00fb15, 0x00fb16, 0x00fb17, 0x00ff41, 0x00ff42, 0x00ff43, 0x00ff44, 0x00ff45, 0x00ff46, 0x00ff47, 0x00ff48, 0x00ff49, 0x00ff4a, 0x00ff4b, 0x00ff4c,
    0x00ff4d, 0x00ff4e, 0x00ff4f, 0x00ff50, 0x00ff51, 0x00ff52, 0x00ff53, 0x00ff54, 0x00ff55, 0x00ff56, 0x00ff57, 0x00ff58, 0x00ff59, 0x00ff5a, 0x010428, 0x010429,
    0x01042a, 0x01042b, 0x01042c, 0x01042d, 0x01042e, 0x01042f, 0x010430, 0x010431, 0x010432, 0x010433, 0x010434, 0x010435, 0x010436, 0x010437, 0x010438, 0x010439,
    0x01043a, 0x01043b, 0x01043c, 0x01043d, 0x01043e, 0x01043f, 0x010440, 0x010441, 0x010442, 0x010443, 0x010444, 0x010445, 0x010446, 0x010447, 0x010448, 0x010449,
    0x01044a, 0x01044b, 0x01044c, 0x01044d, 0x01044e, 0x01044f, 0x0104d8, 0x0104d9, 0x0104da, 0x0104db, 0x0104dc, 0x0104dd, 0x0104de, 0x0104df, 0x0104e0, 0x0104e1,
    0x0104e2, 0x0104e3, 0x0104e4, 0x0104e5, 0x0104e6, 0x0104e7, 0x0104e8, 0x0104e9, 0x0104ea, 0x0104eb, 0x0104ec, 0x0104ed, 0x0104ee, 0x0104ef, 0x0104f0, 0x0104f1,
    0x0104f2, 0x0104f3, 0x0104f4, 0x0104f5, 0x0104f6, 0x0104f7, 0x0104f8, 0x0104f9, 0x0104fa, 0x0104fb, 0x010597, 0x010598, 0x010599, 0x01059a, 0x01059b, 0x01059c,
    0x01059d, 0x01059e, 0x01059f, 0x0105a0, 0x0105a1, 0x0105a3, 0x0105a4, 0x0105a5, 0x0105a6, 0x0105a7, 0x0105a8, 0x0105a9, 0x0105aa, 0x0105ab, 0x0105ac, 0x0105ad,
    0x0105ae, 0x0105af, 0x0105b0, 0x0105b1, 0x0105b3, 0x0105b4, 0x0105b5, 0x0105b6, 0x0105b7, 0x0105b8, 0x0105b9, 0x0105bb, 0x0105bc, 0x010cc0, 0x010cc1, 0x010cc2,
    0x010cc3, 0x010cc4, 0x010cc5, 0x010cc6, 0x010cc7, 0x010cc8, 0x010cc9, 0x010cca, 0x010ccb, 0x010ccc, 0x010ccd, 0x010cce, 0x010ccf, 0x010cd0, 0x010cd1, 0x010cd2,
    0x010cd3, 0x010cd4, 0x010cd5, 0x010cd6, 0x010cd7, 0x010cd8, 0x010cd9, 0x010cda, 0x010cdb, 0x010cdc, 0x010cdd, 0x010cde, 0x010cdf, 0x010ce0, 0x010ce1, 0x010ce2,
    0x010ce3, 0x010ce4, 0x010ce5, 0x010ce6, 0x010ce7, 0x010ce8, 0x010ce9, 0x010cea, 0x010ceb, 0x010cec, 0x010ced, 0x010cee, 0x010cef, 0x010cf0, 0x010cf1, 0x010cf2,
    0x010d70, 0x010d71, 0x010d72, 0x010d73, 0x010d74, 0x010d75, 0x010d76, 0x010d77, 0x010d78, 0x010d79, 0x010d7a, 0x010d7b, 0x010d7c, 0x010d7d, 0x010d7e, 0x010d7f,
    0x010d80, 0x010d81, 0x010d82, 0x010d83, 0x010d84, 0x010d85, 0x0118c0, 0x0118c1, 0x0118c2, 0x0118c3, 0x0118c4, 0x0118c5, 0x0118c6, 0x0118c7, 0x0118c8, 0x0118c9,
    0x0118ca, 0x0118cb, 0x0118cc, 0x0118cd, 0x0118ce, 0x0118cf, 0x0118d0, 0x0118d1, 0x0118d2, 0x0118d3, 0x0118d4, 0x0118d5, 0x0118d6, 0x0118d7, 0x0118d8, 0x0118d9,
    0x0118da, 0x0118db, 0x0118dc, 0x0118dd, 0x0118de, 0x0118df, 0x016e60, 0x016e61, 0x016e62, 0x016e63, 0x016e64, 0x016e65, 0x016e66, 0x016e67, 0x016e68, 0x016e69,
    0x016e6a, 0x016e6b, 0x016e6c, 0x016e6d, 0x016e6e, 0x016e6f, 0x016e70, 0x016e71, 0x016e72, 0x016e73, 0x016e74, 0x016e75, 0x016e76, 0x016e77, 0x016e78, 0x016e79,
    0x016e7a, 0x016e7b, 0x016e7c, 0x016e7d, 0x016e7e, 0x016e7f, 0x01e922, 0x01e923, 0x01e924, 0x01e925, 0x01e926, 0x01e927, 0x01e928, 0x01e929, 0x01e92a, 0x01e92b,
    0x01e92c, 0x01e92d, 0x01e92e, 0x01e92f, 0x01e930, 0x01e931, 0x01e932, 0x01e933, 0x01e934, 0x01e935, 0x01e936, 0x01e937, 0x01e938, 0x01e939, 0x01e93a, 0x01e93b,
    0x01e93c, 0x01e93d, 0x01e93e, 0x01e93f, 0x01e940, 0x01e941, 0x01e942, 0x01e943,
];

pub static case_map_title: [uint32; 1704] = [
    0x000000, 0x000000, 0x000001, 0x000002, 0x000003, 0x000004, 0x000005, 0x000006, 0x000007, 0x000008, 0x000009, 0x00000a, 0x00000b, 0x00000c, 0x00000d, 0x00000e,
    0x00000f, 0x000010, 0x000011, 0x000012, 0x000013, 0x000014, 0x000015, 0x000016, 0x000017, 0x000018, 0x000019, 0x00001a, 0x00001b, 0x00001c, 0x00001d, 0x00001e,
    0x00001f, 0x000020, 0x000021, 0x000022, 0x000023, 0x000024, 0x000025, 0x000026, 0x000027, 0x000028, 0x000029, 0x00002a, 0x00002b, 0x00002c, 0x00002d, 0x00002e,
    0x00002f, 0x000030, 0x000031, 0x000032, 0x000033, 0x000034, 0x000035, 0x000036, 0x000037, 0x000038, 0x000039, 0x00003a, 0x00003b, 0x00003c, 0x00003d, 0x00003e,
    0x00003f, 0x000040, 0x000041, 0x000042, 0x000043, 0x000044, 0x000045, 0x000046, 0x000047, 0x000048, 0x000049, 0x00004a, 0x00004b, 0x00004c, 0x00004d, 0x00004e,
    0x00004f, 0x000050, 0x000051, 0x000052, 0x000053, 0x000054, 0x000055, 0x000056, 0x000057, 0x000058, 0x000059, 0x00005a, 0x00005b, 0x00005c, 0x00005d, 0x00005e,
    0x00005f, 0x000060, 0x000041, 0x000042, 0x000043, 0x000044, 0x000045, 0x000046, 0x000047, 0x000048, 0x000049, 0x00004a, 0x00004b, 0x00004c, 0x00004d, 0x00004e,
    0x00004f, 0x000050, 0x000051, 0x000052, 0x000053, 0x000054, 0x000055, 0x000056, 0x000057, 0x000058, 0x000059, 0x00005a, 0x00007b, 0x00007c, 0x00007d, 0x00007e,
    0x00007f, 0x00039c, 0x0000c0, 0x0000c1, 0x0000c2, 0x0000c3, 0x0000c4, 0x0000c5, 0x0000c6, 0x0000c7, 0x0000c8, 0x0000c9, 0x0000ca, 0x0000cb, 0x0000cc, 0x0000cd,
    0x0000ce, 0x0000cf, 0x0000d0, 0x0000d1, 0x0000d2, 0x0000d3, 0x0000d4, 0x0000d5, 0x0000d6, 0x0000d8, 0x0000d9, 0x0000da, 0x0000db, 0x0000dc, 0x0000dd, 0x0000de,
    0x0000df, 0x000178, 0x000100, 0x000102, 0x000104, 0x000106, 0x000108, 0x00010a, 0x00010c, 0x00010e, 0x000110, 0x000112, 0x000114, 0x000116, 0x000118, 0x00011a,
    0x00011c, 0x00011e, 0x000120, 0x000122, 0x000124, 0x000126, 0x000128, 0x00012a, 0x00012c, 0x00012e, 0x000130, 0x000049, 0x000132, 0x000134, 0x000136, 0x000139,
    0x00013b, 0x00013d, 0x00013f, 0x000141, 0x000143, 0x000145, 0x000147, 0x000149, 0x00014a, 0x00014c, 0x00014e, 0x000150, 0x000152, 0x000154, 0x000156, 0x000158,
    0x00015a, 0x00015c, 0x00015e, 0x000160, 0x000162, 0x000164, 0x000166, 0x000168, 0x00016a, 0x00016c, 0x00016e, 0x000170, 0x000172, 0x000174, 0x000176, 0x000179,
    0x00017b, 0x00017d, 0x000053, 0x000243, 0x000181, 0x000182, 0x000184, 0x000186, 0x000187, 0x000189, 0x00018a, 0x00018b, 0x00018e, 0x00018f, 0x000190, 0x000191,
    0x000193, 0x000194, 0x0001f6, 0x000196, 0x000197, 0x000198, 0x00023d, 0x00a7dc, 0x00019c, 0x00019d, 0x000220, 0x00019f, 0x0001a0, 0x0001a2, 0x0001a4, 0x0001a6,
    0x0001a7, 0x0001a9, 0x0001ac, 0x0001ae, 0x0001af, 0x0001b1, 0x0001b2, 0x0001b3, 0x0001b5, 0x0001b7, 0x0001b8, 0x0001bc, 0x0001f7, 0x0001c5, 0x0001c8, 0x0001cb,
    0x0001cd, 0x0001cf, 0x0001d1, 0x0001d3, 0x0001d5, 0x0001d7, 0x0001d9, 0x0001db, 0x0001de, 0x0001e0, 0x0001e2, 0x0001e4, 0x0001e6, 0x0001e8, 0x0001ea, 0x0001ec,
    0x0001ee, 0x0001f0, 0x0001f2, 0x0001f4, 0x0001f8, 0x0001fa, 0x0001fc, 0x0001fe, 0x000200, 0x000202, 0x000204, 0x000206, 0x000208, 0x00020a, 0x00020c, 0x00020e,
    0x000210, 0x000212, 0x000214, 0x000216, 0x000218, 0x00021a, 0x00021c, 0x00021e, 0x000222, 0x000224, 0x000226, 0x000228, 0x00022a, 0x00022c, 0x00022e, 0x000230,
    0x000232, 0x00023a, 0x00023b, 0x00023e, 0x002c7e, 0x002c7f, 0x000241, 0x000244, 0x000245, 0x000246, 0x000248, 0x00024a, 0x00024c, 0x00024e, 0x002c6f, 0x002c6d,
    0x002c70, 0x00a7ab, 0x00a7ac, 0x00a7cb, 0x00a78d, 0x00a7aa, 0x00a7ae, 0x002c62, 0x00a7ad, 0x002c6e, 0x002c64, 0x00a7c5, 0x00a7b1, 0x00a7b2, 0x00a7b0, 0x000399,
    0x000370, 0x000372, 0x000376, 0x0003fd, 0x0003fe, 0x0003ff, 0x00037f, 0x000386, 0x000388, 0x000389, 0x00038a, 0x00038c, 0x00038e, 0x00038f, 0x000390, 0x000391,
    0x000392, 0x000393, 0x000394, 0x000395, 0x000396, 0x000397, 0x000398, 0x000399, 0x00039a, 0x00039b, 0x00039c, 0x00039d, 0x00039e, 0x00039f, 0x0003a0, 0x0003a1,
    0x0003a3, 0x0003a4, 0x0003a5, 0x0003a6, 0x0003a7, 0x0003a8, 0x0003a9, 0x0003aa, 0x0003ab, 0x0003b0, 0x0003a3, 0x0003a3, 0x0003cf, 0x000392, 0x000398, 0x0003a6,
    0x0003a0, 0x0003d8, 0x0003da, 0x0003dc, 0x0003de, 0x0003e0, 0x0003e2, 0x0003e4, 0x0003e6, 0x0003e8, 0x0003ea, 0x0003ec, 0x0003ee, 0x00039a, 0x0003a1, 0x0003f9,
    0x0003f4, 0x000395, 0x0003f7, 0x0003fa, 0x000400, 0x000401, 0x000402, 0x000403, 0x000404, 0x000405, 0x000406, 0x000407, 0x000408, 0x000409, 0x00040a, 0x00040b,
    0x00040c, 0x00040d, 0x00040e, 0x00040f, 0x000410, 0x000411, 0x000412, 0x000413, 0x000414, 0x000415, 0x000416, 0x000417, 0x000418, 0x000419, 0x00041a, 0x00041b,
    0x00041c, 0x00041d, 0x00041e, 0x00041f, 0x000420, 0x000421, 0x000422, 0x000423, 0x000424, 0x000425, 0x000426, 0x000427, 0x000428, 0x000429, 0x00042a, 0x00042b,
    0x00042c, 0x00042d, 0x00042e, 0x00042f, 0x000460, 0x000462, 0x000464, 0x000466, 0x000468, 0x00046a, 0x00046c, 0x00046e, 0x000470, 0x000472, 0x000474, 0x000476,
    0x000478, 0x00047a, 0x00047c, 0x00047e, 0x000480, 0x00048a, 0x00048c, 0x00048e, 0x000490, 0x000492, 0x000494, 0x000496, 0x000498, 0x00049a, 0x00049c, 0x00049e,
    0x0004a0, 0x0004a2, 0x0004a4, 0x0004a6, 0x0004a8, 0x0004aa, 0x0004ac, 0x0004ae, 0x0004b0, 0x0004b2, 0x0004b4, 0x0004b6, 0x0004b8, 0x0004ba, 0x0004bc, 0x0004be,
    0x0004c0, 0x0004c1, 0x0004c3, 0x0004c5, 0x0004c7, 0x0004c9, 0x0004cb, 0x0004cd, 0x0004d0, 0x0004d2, 0x0004d4, 0x0004d6, 0x0004d8, 0x0004da, 0x0004dc, 0x0004de,
    0x0004e0, 0x0004e2, 0x0004e4, 0x0004e6, 0x0004e8, 0x0004ea, 0x0004ec, 0x0004ee, 0x0004f0, 0x0004f2, 0x0004f4, 0x0004f6, 0x0004f8, 0x0004fa, 0x0004fc, 0x0004fe,
    0x000500, 0x000502, 0x000504, 0x000506, 0x000508, 0x00050a, 0x00050c, 0x00050e, 0x000510, 0x000512, 0x000514, 0x000516, 0x000518, 0x00051a, 0x00051c, 0x00051e,
    0x000520, 0x000522, 0x000524, 0x000526, 0x000528, 0x00052a, 0x00052c, 0x00052e, 0x000531, 0x000532, 0x000533, 0x000534, 0x000535, 0x000536, 0x000537, 0x000538,
    0x000539, 0x00053a, 0x00053b, 0x00053c, 0x00053d, 0x00053e, 0x00053f, 0x000540, 0x000541, 0x000542, 0x000543, 0x000544, 0x000545, 0x000546, 0x000547, 0x000548,
    0x000549, 0x00054a, 0x00054b, 0x00054c, 0x00054d, 0x00054e, 0x00054f, 0x000550, 0x000551, 0x000552, 0x000553, 0x000554, 0x000555, 0x000556, 0x000587, 0x0010a0,
    0x0010a1, 0x0010a2, 0x0010a3, 0x0010a4, 0x0010a5, 0x0010a6, 0x0010a7, 0x0010a8, 0x0010a9, 0x0010aa, 0x0010ab, 0x0010ac, 0x0010ad, 0x0010ae, 0x0010af, 0x0010b0,
    0x0010b1, 0x0010b2, 0x0010b3, 0x0010b4, 0x0010b5, 0x0010b6, 0x0010b7, 0x0010b8, 0x0010b9, 0x0010ba, 0x0010bb, 0x0010bc, 0x0010bd, 0x0010be, 0x0010bf, 0x0010c0,
    0x0010c1, 0x0010c2, 0x0010c3, 0x0010c4, 0x0010c5, 0x0010c7, 0x0010cd, 0x0010d0, 0x0010d1, 0x0010d2, 0x0010d3, 0x0010d4, 0x0010d5, 0x0010d6, 0x0010d7, 0x0010d8,
    0x0010d9, 0x0010da, 0x0010db, 0x0010dc, 0x0010dd, 0x0010de, 0x0010df, 0x0010e0, 0x0010e1, 0x0010e2, 0x0010e3, 0x0010e4, 0x0010e5, 0x0010e6, 0x0010e7, 0x0010e8,
    0x0010e9, 0x0010ea, 0x0010eb, 0x0010ec, 0x0010ed, 0x0010ee, 0x0010ef, 0x0010f0, 0x0010f1, 0x0010f2, 0x0010f3, 0x0010f4, 0x0010f5, 0x0010f6, 0x0010f7, 0x0010f8,
    0x0010f9, 0x0010fa, 0x0010fd, 0x0010fe, 0x0010ff, 0x0013a0, 0x0013a1, 0x0013a2, 0x0013a3, 0x0013a4, 0x0013a5, 0x0013a6, 0x0013a7, 0x0013a8, 0x0013a9, 0x0013aa,
    0x0013ab, 0x0013ac, 0x0013ad, 0x0013ae, 0x0013af, 0x0013b0, 0x0013b1, 0x0013b2, 0x0013b3, 0x0013b4, 0x0013b5, 0x0013b6, 0x0013b7, 0x0013b8, 0x0013b9, 0x0013ba,
    0x0013bb, 0x0013bc, 0x0013bd, 0x0013be, 0x0013bf, 0x0013c0, 0x0013c1, 0x0013c2, 0x0013c3, 0x0013c4, 0x0013c5, 0x0013c6, 0x0013c7, 0x0013c8, 0x0013c9, 0x0013ca,
    0x0013cb, 0x0013cc, 0x0013cd, 0x0013ce, 0x0013cf, 0x0013d0, 0x0013d1, 0x0013d2, 0x0013d3, 0x0013d4, 0x0013d5, 0x0013d6, 0x0013d7, 0x0013d8, 0x0013d9, 0x0013da,
    0x0013db, 0x0013dc, 0x0013dd, 0x0013de, 0x0013df, 0x0013e0, 0x0013e1, 0x0013e2, 0x0013e3, 0x0013e4, 0x0013e5, 0x0013e6, 0x0013e7, 0x0013e8, 0x0013e9, 0x0013ea,
    0x0013eb, 0x0013ec, 0x0013ed, 0x0013ee, 0x0013ef, 0x0013f0, 0x0013f1, 0x0013f2, 0x0013f3, 0x0013f4, 0x0013f5, 0x000412, 0x000414, 0x00041e, 0x000421, 0x000422,
    0x000422, 0x00042a, 0x000462, 0x00a64a, 0x001c89, 0x001c90, 0x001c91, 0x001c92, 0x001c93, 0x001c94, 0x001c95, 0x001c96, 0x001c97, 0x001c98, 0x001c99, 0x001c9a,
    0x001c9b, 0x001c9c, 0x001c9d, 0x001c9e, 0x001c9f, 0x001ca0, 0x001ca1, 0x001ca2, 0x001ca3, 0x001ca4, 0x001ca5, 0x001ca6, 0x001ca7, 0x001ca8, 0x001ca9, 0x001caa,
    0x001cab, 0x001cac, 0x001cad, 0x001cae, 0x001caf, 0x001cb0, 0x001cb1, 0x001cb2, 0x001cb3, 0x001cb4, 0x001cb5, 0x001cb6, 0x001cb7, 0x001cb8, 0x001cb9, 0x001cba,
    0x001cbd, 0x001cbe, 0x001cbf, 0x00a77d, 0x002c63, 0x00a7c6, 0x001e00, 0x001e02, 0x001e04, 0x001e06, 0x001e08, 0x001e0a, 0x001e0c, 0x001e0e, 0x001e10, 0x001e12,
    0x001e14, 0x001e16, 0x001e18, 0x001e1a, 0x001e1c, 0x001e1e, 0x001e20, 0x001e22, 0x001e24, 0x001e26, 0x001e28, 0x001e2a, 0x001e2c, 0x001e2e, 0x001e30, 0x001e32,
    0x001e34, 0x001e36, 0x001e38, 0x001e3a, 0x001e3c, 0x001e3e, 0x001e40, 0x001e42, 0x001e44, 0x001e46, 0x001e48, 0x001e4a, 0x001e4c, 0x001e4e, 0x001e50, 0x001e52,
    0x001e54, 0x001e56, 0x001e58, 0x001e5a, 0x001e5c, 0x001e5e, 0x001e60, 0x001e62, 0x001e64, 0x001e66, 0x001e68, 0x001e6a, 0x001e6c, 0x001e6e, 0x001e70, 0x001e72,
    0x001e74, 0x001e76, 0x001e78, 0x001e7a, 0x001e7c, 0x001e7e, 0x001e80, 0x001e82, 0x001e84, 0x001e86, 0x001e88, 0x001e8a, 0x001e8c, 0x001e8e, 0x001e90, 0x001e92,
    0x001e94, 0x001e96, 0x001e97, 0x001e98, 0x001e99, 0x001e9a, 0x001e60, 0x001e9e, 0x001ea0, 0x001ea2, 0x001ea4, 0x001ea6, 0x001ea8, 0x001eaa, 0x001eac, 0x001eae,
    0x001eb0, 0x001eb2, 0x001eb4, 0x001eb6, 0x001eb8, 0x001eba, 0x001ebc, 0x001ebe, 0x001ec0, 0x001ec2, 0x001ec4, 0x001ec6, 0x001ec8, 0x001eca, 0x001ecc, 0x001ece,
    0x001ed0, 0x001ed2, 0x001ed4, 0x001ed6, 0x001ed8, 0x001eda, 0x001edc, 0x001ede, 0x001ee0, 0x001ee2, 0x001ee4, 0x001ee6, 0x001ee8, 0x001eea, 0x001eec, 0x001eee,
    0x001ef0, 0x001ef2, 0x001ef4, 0x001ef6, 0x001ef8, 0x001efa, 0x001efc, 0x001efe, 0x001f08, 0x001f09, 0x001f0a, 0x001f0b, 0x001f0c, 0x001f0d, 0x001f0e, 0x001f0f,
    0x001f18, 0x001f19, 0x001f1a, 0x001f1b, 0x001f1c, 0x001f1d, 0x001f28, 0x001f29, 0x001f2a, 0x001f2b, 0x001f2c, 0x001f2d, 0x001f2e, 0x001f2f, 0x001f38, 0x001f39,
    0x001f3a, 0x001f3b, 0x001f3c, 0x001f3d, 0x001f3e, 0x001f3f, 0x001f48, 0x001f49, 0x001f4a, 0x001f4b, 0x001f4c, 0x001f4d, 0x001f50, 0x001f59, 0x001f52, 0x001f5b,
    0x001f54, 0x001f5d, 0x001f56, 0x001f5f, 0x001f68, 0x001f69, 0x001f6a, 0x001f6b, 0x001f6c, 0x001f6d, 0x001f6e, 0x001f6f, 0x001fba, 0x001fbb, 0x001fc8, 0x001fc9,
    0x001fca, 0x001fcb, 0x001fda, 0x001fdb, 0x001ff8, 0x001ff9, 0x001fea, 0x001feb, 0x001ffa, 0x001ffb, 0x001f88, 0x001f89, 0x001f8a, 0x001f8b, 0x001f8c, 0x001f8d,
    0x001f8e, 0x001f8f, 0x001f88, 0x001f89, 0x001f8a, 0x001f8b, 0x001f8c, 0x001f8d, 0x001f8e, 0x001f8f, 0x001f98, 0x001f99, 0x001f9a, 0x001f9b, 0x001f9c, 0x001f9d,
    0x001f9e, 0x001f9f, 0x001f98, 0x001f99, 0x001f9a, 0x001f9b, 0x001f9c, 0x001f9d, 0x001f9e, 0x001f9f, 0x001fa8, 0x001fa9, 0x001faa, 0x001fab, 0x001fac, 0x001fad,
    0x001fae, 0x001faf, 0x001fa8, 0x001fa9, 0x001faa, 0x001fab, 0x001fac, 0x001fad, 0x001fae, 0x001faf, 0x001fb8, 0x001fb9, 0x001fb2, 0x001fbc, 0x001fb4, 0x001fb6,
    0x001fb7, 0x001fbc, 0x000399, 0x001fc2, 0x001fcc, 0x001fc4, 0x001fc6, 0x001fc7, 0x001fcc, 0x001fd8, 0x001fd9, 0x001fd2, 0x001fd3, 0x001fd6, 0x001fd7, 0x001fe8,
    0x001fe9, 0x001fe2, 0x001fe3, 0x001fe4, 0x001fec, 0x001fe6, 0x001fe7, 0x001ff2, 0x001ffc, 0x001ff4, 0x001ff6, 0x001ff7, 0x001ffc, 0x002126, 0x00212a, 0x00212b,
    0x002132, 0x002160, 0x002161, 0x002162, 0x002163, 0x002164, 0x002165, 0x002166, 0x002167, 0x002168, 0x002169, 0x00216a, 0x00216b, 0x00216c, 0x00216d, 0x00216e,
    0x00216f, 0x002183, 0x0024b6, 0x0024b7, 0x0024b8, 0x0024b9, 0x0024ba, 0x0024bb, 0x0024bc, 0x0024bd, 0x0024be, 0x0024bf, 0x0024c0, 0x0024c1, 0x0024c2, 0x0024c3,
    0x0024c4, 0x0024c5, 0x0024c6, 0x0024c7, 0x0024c8, 0x0024c9, 0x0024ca, 0x0024cb, 0x0024cc, 0x0024cd, 0x0024ce, 0x0024cf, 0x002c00, 0x002c01, 0x002c02, 0x002c03,
    0x002c04, 0x002c05, 0x002c06, 0x002c07, 0x002c08, 0x002c09, 0x002c0a, 0x002c0b, 0x002c0c, 0x002c0d, 0x002c0e, 0x002c0f, 0x002c10, 0x002c11, 0x002c12, 0x002c13,
    0x002c14, 0x002c15, 0x002c16, 0x002c17, 0x002c18, 0x002c19, 0x002c1a, 0x002c1b, 0x002c1c, 0x002c1d, 0x002c1e, 0x002c1f, 0x002c20, 0x002c21, 0x002c22, 0x002c23,
    0x002c24, 0x002c25, 0x002c26, 0x002c27, 0x002c28, 0x002c29, 0x002c2a, 0x002c2b, 0x002c2c, 0x002c2d, 0x002c2e, 0x002c2f, 0x002c60, 0x002c67, 0x002c69, 0x002c6b,
    0x002c72, 0x002c75, 0x002c80, 0x002c82, 0x002c84, 0x002c86, 0x002c88, 0x002c8a, 0x002c8c, 0x002c8e, 0x002c90, 0x002c92, 0x002c94, 0x002c96, 0x002c98, 0x002c9a,
    0x002c9c, 0x002c9e, 0x002ca0, 0x002ca2, 0x002ca4, 0x002ca6, 0x002ca8, 0x002caa, 0x002cac, 0x002cae, 0x002cb0, 0x002cb2, 0x002cb4, 0x002cb6, 0x002cb8, 0x002cba,
    0x002cbc, 0x002cbe, 0x002cc0, 0x002cc2, 0x002cc4, 0x002cc6, 0x002cc8, 0x002cca, 0x002ccc, 0x002cce, 0x002cd0, 0x002cd2, 0x002cd4, 0x002cd6, 0x002cd8, 0x002cda,
    0x002cdc, 0x002cde, 0x002ce0, 0x002ce2, 0x002ceb, 0x002ced, 0x002cf2, 0x00a640, 0x00a642, 0x00a644, 0x00a646, 0x00a648, 0x00a64a, 0x00a64c, 0x00a64e, 0x00a650,
    0x00a652, 0x00a654, 0x00a656, 0x00a658, 0x00a65a, 0x00a65c, 0x00a65e, 0x00a660, 0x00a662, 0x00a664, 0x00a666, 0x00a668, 0x00a66a, 0x00a66c, 0x00a680, 0x00a682,
    0x00a684, 0x00a686, 0x00a688, 0x00a68a, 0x00a68c, 0x00a68e, 0x00a690, 0x00a692, 0x00a694, 0x00a696, 0x00a698, 0x00a69a, 0x00a722, 0x00a724, 0x00a726, 0x00a728,
    0x00a72a, 0x00a72c, 0x00a72e, 0x00a732, 0x00a734, 0x00a736, 0x00a738, 0x00a73a, 0x00a73c, 0x00a73e, 0x00a740, 0x00a742, 0x00a744, 0x00a746, 0x00a748, 0x00a74a,
    0x00a74c, 0x00a74e, 0x00a750, 0x00a752, 0x00a754, 0x00a756, 0x00a758, 0x00a75a, 0x00a75c, 0x00a75e, 0x00a760, 0x00a762, 0x00a764, 0x00a766, 0x00a768, 0x00a76a,
    0x00a76c, 0x00a76e, 0x00a779, 0x00a77b, 0x00a77e, 0x00a780, 0x00a782, 0x00a784, 0x00a786, 0x00a78b, 0x00a790, 0x00a792, 0x00a7c4, 0x00a796, 0x00a798, 0x00a79a,
    0x00a79c, 0x00a79e, 0x00a7a0, 0x00a7a2, 0x00a7a4, 0x00a7a6, 0x00a7a8, 0x00a7b3, 0x00a7b4, 0x00a7b6, 0x00a7b8, 0x00a7ba, 0x00a7bc, 0x00a7be, 0x00a7c0, 0x00a7c2,
    0x00a7c7, 0x00a7c9, 0x00a7cc, 0x00a7d0, 0x00a7d6, 0x00a7d8, 0x00a7da, 0x00a7f5, 0x00fb00, 0x00fb01, 0x00fb02, 0x00fb03, 0x00fb04, 0x00fb05, 0x00fb06, 0x00fb13,
    0x00fb14, 0x00fb15, 0x00fb16, 0x00fb17, 0x00ff21, 0x00ff22, 0x00ff23, 0x00ff24, 0x00ff25, 0x00ff26, 0x00ff27, 0x00ff28, 0x00ff29, 0x00ff2a, 0x00ff2b, 0x00ff2c,
    0x00ff2d, 0x00ff2e, 0x00ff2f, 0x00ff30, 0x00ff31, 0x00ff32, 0x00ff33, 0x00ff34, 0x00ff35, 0x00ff36, 0x00ff37, 0x00ff38, 0x00ff39, 0x00ff3a, 0x010400, 0x010401,
    0x010402, 0x010403, 0x010404, 0x010405, 0x010406, 0x010407, 0x010408, 0x010409, 0x01040a, 0x01040b, 0x01040c, 0x01040d, 0x01040e, 0x01040f, 0x010410, 0x010411,
    0x010412, 0x010413, 0x010414, 0x010415, 0x010416, 0x010417, 0x010418, 0x010419, 0x01041a, 0x01041b, 0x01041c, 0x01041d, 0x01041e, 0x01041f, 0x010420, 0x010421,
    0x010422, 0x010423, 0x010424, 0x010425, 0x010426, 0x010427, 0x0104b0, 0x0104b1, 0x0104b2, 0x0104b3, 0x0104b4, 0x0104b5, 0x0104b6, 0x0104b7, 0x0104b8, 0x0104b9,
    0x0104ba, 0x0104bb, 0x0104bc, 0x0104bd, 0x0104be, 0x0104bf, 0x0104c0, 0x0104c1, 0x0104c2, 0x0104c3, 0x0104c4, 0x0104c5, 0x0104c6, 0x0104c7, 0x0104c8, 0x0104c9,
    0x0104ca, 0x0104cb, 0x0104cc, 0x0104cd, 0x0104ce, 0x0104cf, 0x0104d0, 0x0104d1, 0x0104d2, 0x0104d3, 0x010570, 0x010571, 0x010572, 0x010573, 0x010574, 0x010575,
    0x010576, 0x010577, 0x010578, 0x010579, 0x01057a, 0x01057c, 0x01057d, 0x01057e, 0x01057f, 0x010580, 0x010581, 0x010582, 0x010583, 0x010584, 0x010585, 0x010586,
    0x010587, 0x010588, 0x010589, 0x01058a, 0x01058c, 0x01058d, 0x01058e, 0x01058f, 0x010590, 0x010591, 0x010592, 0x010594, 0x010595, 0x010c80, 0x010c81, 0x010c82,
    0x010c83, 0x010c84, 0x010c85, 0x010c86, 0x010c87, 0x010c88, 0x010c89, 0x010c8a, 0x010c8b, 0x010c8c, 0x010c8d, 0x010c8e, 0x010c8f, 0x010c90, 0x010c91, 0x010c92,
    0x010c93, 0x010c94, 0x010c95, 0x010c96, 0x010c97, 0x010c98, 0x010c99, 0x010c9a, 0x010c9b, 0x010c9c, 0x010c9d, 0x010c9e, 0x010c9f, 0x010ca0, 0x010ca1, 0x010ca2,
    0x010ca3, 0x010ca4, 0x010ca5, 0x010ca6, 0x010ca7, 0x010ca8, 0x010ca9, 0x010caa, 0x010cab, 0x010cac, 0x010cad, 0x010cae, 0x010caf, 0x010cb0, 0x010cb1, 0x010cb2,
    0x010d50, 0x010d51, 0x010d52, 0x010d53, 0x010d54, 0x010d55, 0x010d56, 0x010d57, 0x010d58, 0x010d59, 0x010d5a, 0x010d5b, 0x010d5c, 0x010d5d, 0x010d5e, 0x010d5f,
    0x010d60, 0x010d61, 0x010d62, 0x010d63, 0x010d64, 0x010d65, 0x0118a0, 0x0118a1, 0x0118a2, 0x0118a3, 0x0118a4, 0x0118a5, 0x0118a6, 0x0118a7, 0x0118a8, 0x0118a9,
    0x0118aa, 0x0118ab, 0x0118ac, 0x0118ad, 0x0118ae, 0x0118af, 0x0118b0, 0x0118b1, 0x0118b2, 0x0118b3, 0x0118b4, 0x0118b5, 0x0118b6, 0x0118b7, 0x0118b8, 0x0118b9,
    0x0118ba, 0x0118bb, 0x0118bc, 0x0118bd, 0x0118be, 0x0118bf, 0x016e40, 0x016e41, 0x016e42, 0x016e43, 0x016e44, 0x016e45, 0x016e46, 0x016e47, 0x016e48, 0x016e49,
    0x016e4a, 0x016e4b, 0x016e4c, 0x016e4d, 0x016e4e, 0x016e4f, 0x016e50, 0x016e51, 0x016e52, 0x016e53, 0x016e54, 0x016e55, 0x016e56, 0x016e57, 0x016e58, 0x016e59,
    0x016e5a, 0x016e5b, 0x016e5c, 0x016e5d, 0x016e5e, 0x016e5f, 0x01e900, 0x01e901, 0x01e902, 0x01e903, 0x01e904, 0x01e905, 0x01e906, 0x01e907, 0x01e908, 0x01e909,
    0x01e90a, 0x01e90b, 0x01e90c, 0x01e90d, 0x01e90e, 0x01e90f, 0x01e910, 0x01e911, 0x01e912, 0x01e913, 0x01e914, 0x01e915, 0x01e916, 0x01e917, 0x01e918, 0x01e919,
    0x01e91a, 0x01e91b, 0x01e91c, 0x01e91d, 0x01e91e, 0x01e91f, 0x01e920, 0x01e921,
];

pub static case_map_upper: [uint32; 1704] = [
    0x000000, 0x000000, 0x000001, 0x000002, 0x000003, 0x000004, 0x000005, 0x000006, 0x000007, 0x000008, 0x000009, 0x00000a, 0x00000b, 0x00000c, 0x00000d, 0x00000e,
    0x00000f, 0x000010, 0x000011, 0x000012, 0x000013, 0x000014, 0x000015, 0x000016, 0x000017, 0x000018, 0x000019, 0x00001a, 0x00001b, 0x00001c, 0x00001d, 0x00001e,
    0x00001f, 0x000020, 0x000021, 0x000022, 0x000023, 0x000024, 0x000025, 0x000026, 0x000027, 0x000028, 0x000029, 0x00002a, 0x00002b, 0x00002c, 0x00002d, 0x00002e,
    0x00002f, 0x000030, 0x000031, 0x000032, 0x000033, 0x000034, 0x000035, 0x000036, 0x000037, 0x000038, 0x000039, 0x00003a, 0x00003b, 0x00003c, 0x00003d, 0x00003e,
    0x00003f, 0x000040, 0x000041, 0x000042, 0x000043, 0x000044, 0x000045, 0x000046, 0x000047, 0x000048, 0x000049, 0x00004a, 0x00004b, 0x00004c, 0x00004d, 0x00004e,
    0x00004f, 0x000050, 0x000051, 0x000052, 0x000053, 0x000054, 0x000055, 0x000056, 0x000057, 0x000058, 0x000059, 0x00005a, 0x00005b, 0x00005c, 0x00005d, 0x00005e,
    0x00005f, 0x000060, 0x000041, 0x000042, 0x000043, 0x000044, 0x000045, 0x000046, 0x000047, 0x000048, 0x000049, 0x00004a, 0x00004b, 0x00004c, 0x00004d, 0x00004e,
    0x00004f, 0x000050, 0x000051, 0x000052, 0x000053, 0x000054, 0x000055, 0x000056, 0x000057, 0x000058, 0x000059, 0x00005a, 0x00007b, 0x00007c, 0x00007d, 0x00007e,
    0x00007f, 0x00039c, 0x0000c0, 0x0000c1, 0x0000c2, 0x0000c3, 0x0000c4, 0x0000c5, 0x0000c6, 0x0000c7, 0x0000c8, 0x0000c9, 0x0000ca, 0x0000cb, 0x0000cc, 0x0000cd,
    0x0000ce, 0x0000cf, 0x0000d0, 0x0000d1, 0x0000d2, 0x0000d3, 0x0000d4, 0x0000d5, 0x0000d6, 0x0000d8, 0x0000d9, 0x0000da, 0x0000db, 0x0000dc, 0x0000dd, 0x0000de,
    0x0000df, 0x000178, 0x000100, 0x000102, 0x000104, 0x000106, 0x000108, 0x00010a, 0x00010c, 0x00010e, 0x000110, 0x000112, 0x000114, 0x000116, 0x000118, 0x00011a,
    0x00011c, 0x00011e, 0x000120, 0x000122, 0x000124, 0x000126, 0x000128, 0x00012a, 0x00012c, 0x00012e, 0x000130, 0x000049, 0x000132, 0x000134, 0x000136, 0x000139,
    0x00013b, 0x00013d, 0x00013f, 0x000141, 0x000143, 0x000145, 0x000147, 0x000149, 0x00014a, 0x00014c, 0x00014e, 0x000150, 0x000152, 0x000154, 0x000156, 0x000158,
    0x00015a, 0x00015c, 0x00015e, 0x000160, 0x000162, 0x000164, 0x000166, 0x000168, 0x00016a, 0x00016c, 0x00016e, 0x000170, 0x000172, 0x000174, 0x000176, 0x000179,
    0x00017b, 0x00017d, 0x000053, 0x000243, 0x000181, 0x000182, 0x000184, 0x000186, 0x000187, 0x000189, 0x00018a, 0x00018b, 0x00018e, 0x00018f, 0x000190, 0x000191,
    0x000193, 0x000194, 0x0001f6, 0x000196, 0x000197, 0x000198, 0x00023d, 0x00a7dc, 0x00019c, 0x00019d, 0x000220, 0x00019f, 0x0001a0, 0x0001a2, 0x0001a4, 0x0001a6,
    0x0001a7, 0x0001a9, 0x0001ac, 0x0001ae, 0x0001af, 0x0001b1, 0x0001b2, 0x0001b3, 0x0001b5, 0x0001b7, 0x0001b8, 0x0001bc, 0x0001f7, 0x0001c4, 0x0001c7, 0x0001ca,
    0x0001cd, 0x0001cf, 0x0001d1, 0x0001d3, 0x0001d5, 0x0001d7, 0x0001d9, 0x0001db, 0x0001de, 0x0001e0, 0x0001e2, 0x0001e4, 0x0001e6, 0x0001e8, 0x0001ea, 0x0001ec,
    0x0001ee, 0x0001f0, 0x0001f1, 0x0001f4, 0x0001f8, 0x0001fa, 0x0001fc, 0x0001fe, 0x000200, 0x000202, 0x000204, 0x000206, 0x000208, 0x00020a, 0x00020c, 0x00020e,
    0x000210, 0x000212, 0x000214, 0x000216, 0x000218, 0x00021a, 0x00021c, 0x00021e, 0x000222, 0x000224, 0x000226, 0x000228, 0x00022a, 0x00022c, 0x00022e, 0x000230,
    0x000232, 0x00023a, 0x00023b, 0x00023e, 0x002c7e, 0x002c7f, 0x000241, 0x000244, 0x000245, 0x000246, 0x000248, 0x00024a, 0x00024c, 0x00024e, 0x002c6f, 0x002c6d,
    0x002c70, 0x00a7ab, 0x00a7ac, 0x00a7cb, 0x00a78d, 0x00a7aa, 0x00a7ae, 0x002c62, 0x00a7ad, 0x002c6e, 0x002c64, 0x00a7c5, 0x00a7b1, 0x00a7b2, 0x00a7b0, 0x000399,
    0x000370, 0x000372, 0x000376, 0x0003fd, 0x0003fe, 0x0003ff, 0x00037f, 0x000386, 0x000388, 0x000389, 0x00038a, 0x00038c, 0x00038e, 0x00038f, 0x000390, 0x000391,
    0x000392, 0x000393, 0x000394, 0x000395, 0x000396, 0x000397, 0x000398, 0x000399, 0x00039a, 0x00039b, 0x00039c, 0x00039d, 0x00039e, 0x00039f, 0x0003a0, 0x0003a1,
    0x0003a3, 0x0003a4, 0x0003a5, 0x0003a6, 0x0003a7, 0x0003a8, 0x0003a9, 0x0003aa, 0x0003ab, 0x0003b0, 0x0003a3, 0x0003a3, 0x0003cf, 0x000392, 0x000398, 0x0003a6,
    0x0003a0, 0x0003d8, 0x0003da, 0x0003dc, 0x0003de, 0x0003e0, 0x0003e2, 0x0003e4, 0x0003e6, 0x0003e8, 0x0003ea, 0x0003ec, 0x0003ee, 0x00039a, 0x0003a1, 0x0003f9,
    0x0003f4, 0x000395, 0x0003f7, 0x0003fa, 0x000400, 0x000401, 0x000402, 0x000403, 0x000404, 0x000405, 0x000406, 0x000407, 0x000408, 0x000409, 0x00040a, 0x00040b,
    0x00040c, 0x00040d, 0x00040e, 0x00040f, 0x000410, 0x000411, 0x000412, 0x000413, 0x000414, 0x000415, 0x000416, 0x000417, 0x000418, 0x000419, 0x00041a, 0x00041b,
    0x00041c, 0x00041d, 0x00041e, 0x00041f, 0x000420, 0x000421, 0x000422, 0x000423, 0x000424, 0x000425, 0x000426, 0x000427, 0x000428, 0x000429, 0x00042a, 0x00042b,
    0x00042c, 0x00042d, 0x00042e, 0x00042f, 0x000460, 0x000462, 0x000464, 0x000466, 0x000468, 0x00046a, 0x00046c, 0x00046e, 0x000470, 0x000472, 0x000474, 0x000476,
    0x000478, 0x00047a, 0x00047c, 0x00047e, 0x000480, 0x00048a, 0x00048c, 0x00048e, 0x000490, 0x000492, 0x000494, 0x000496, 0x000498, 0x00049a, 0x00049c, 0x00049e,
    0x0004a0, 0x0004a2, 0x0004a4, 0x0004a6, 0x0004a8, 0x0004aa, 0x0004ac, 0x0004ae, 0x0004b0, 0x0004b2, 0x0004b4, 0x0004b6, 0x0004b8, 0x0004ba, 0x0004bc, 0x0004be,
    0x0004c0, 0x0004c1, 0x0004c3, 0x0004c5, 0x0004c7, 0x0004c9, 0x0004cb, 0x0004cd, 0x0004d0, 0x0004d2, 0x0004d4, 0x0004d6, 0x0004d8, 0x0004da, 0x0004dc, 0x0004de,
    0x0004e0, 0x0004e2, 0x0004e4, 0x0004e6, 0x0004e8, 0x0004ea, 0x0004ec, 0x0004ee, 0x0004f0, 0x0004f2, 0x0004f4, 0x0004f6, 0x0004f8, 0x0004fa, 0x0004fc, 0x0004fe,
    0x000500, 0x000502, 0x000504, 0x000506, 0x000508, 0x00050a, 0x00050c, 0x00050e, 0x000510, 0x000512, 0x000514, 0x000516, 0x000518, 0x00051a, 0x00051c, 0x00051e,
    0x000520, 0x000522, 0x000524, 0x000526, 0x000528, 0x00052a, 0x00052c, 0x00052e, 0x000531, 0x000532, 0x000533, 0x000534, 0x000535, 0x000536, 0x000537, 0x000538,
    0x000539, 0x00053a, 0x00053b, 0x00053c, 0x00053d, 0x00053e, 0x00053f, 0x000540, 0x000541, 0x000542, 0x000543, 0x000544, 0x000545, 0x000546, 0x000547, 0x000548,
    0x000549, 0x00054a, 0x00054b, 0x00054c, 0x00054d, 0x00054e, 0x00054f, 0x000550, 0x000551, 0x000552, 0x000553, 0x000554, 0x000555, 0x000556, 0x000587, 0x0010a0,
    0x0010a1, 0x0010a2, 0x0010a3, 0x0010a4, 0x0010a5, 0x0010a6, 0x0010a7, 0x0010a8, 0x0010a9, 0x0010aa, 0x0010ab, 0x0010ac, 0x0010ad, 0x0010ae, 0x0010af, 0x0010b0,
    0x0010b1, 0x0010b2, 0x0010b3, 0x0010b4, 0x0010b5, 0x0010b6, 0x0010b7, 0x0010b8, 0x0010b9, 0x0010ba, 0x0010bb, 0x0010bc, 0x0010bd, 0x0010be, 0x0010bf, 0x0010c0,
    0x0010c1, 0x0010c2, 0x0010c3, 0x0010c4, 0x0010c5, 0x0010c7, 0x0010cd, 0x001c90, 0x001c91, 0x001c92, 0x001c93, 0x001c94, 0x001c95, 0x001c96, 0x001c97, 0x001c98,
    0x001c99, 0x001c9a, 0x001c9b, 0x001c9c, 0x001c9d, 0x001c9e, 0x001c9f, 0x001ca0, 0x001ca1, 0x001ca2, 0x001ca3, 0x001ca4, 0x001ca5, 0x001ca6, 0x001ca7, 0x001ca8,
    0x001ca9, 0x001caa, 0x001cab, 0x001cac, 0x001cad, 0x001cae, 0x001caf, 0x001cb0, 0x001cb1, 0x001cb2, 0x001cb3, 0x001cb4, 0x001cb5, 0x001cb6, 0x001cb7, 0x001cb8,
    0x001cb9, 0x001cba, 0x001cbd, 0x001cbe, 0x001cbf, 0x0013a0, 0x0013a1, 0x0013a2, 0x0013a3, 0x0013a4, 0x0013a5, 0x0013a6, 0x0013a7, 0x0013a8, 0x0013a9, 0x0013aa,
    0x0013ab, 0x0013ac, 0x0013ad, 0x0013ae, 0x0013af, 0x0013b0, 0x0013b1, 0x0013b2, 0x0013b3, 0x0013b4, 0x0013b5, 0x0013b6, 0x0013b7, 0x0013b8, 0x0013b9, 0x0013ba,
    0x0013bb, 0x0013bc, 0x0013bd, 0x0013be, 0x0013bf, 0x0013c0, 0x0013c1, 0x0013c2, 0x0013c3, 0x0013c4, 0x0013c5, 0x0013c6, 0x0013c7, 0x0013c8, 0x0013c9, 0x0013ca,
    0x0013cb, 0x0013cc, 0x0013cd, 0x0013ce, 0x0013cf, 0x0013d0, 0x0013d1, 0x0013d2, 0x0013d3, 0x0013d4, 0x0013d5, 0x0013d6, 0x0013d7, 0x0013d8, 0x0013d9, 0x0013da,
    0x0013db, 0x0013dc, 0x0013dd, 0x0013de, 0x0013df, 0x0013e0, 0x0013e1, 0x0013e2, 0x0013e3, 0x0013e4, 0x0013e5, 0x0013e6, 0x0013e7, 0x0013e8, 0x0013e9, 0x0013ea,
    0x0013eb, 0x0013ec, 0x0013ed, 0x0013ee, 0x0013ef, 0x0013f0, 0x0013f1, 0x0013f2, 0x0013f3, 0x0013f4, 0x0013f5, 0x000412, 0x000414, 0x00041e, 0x000421, 0x000422,
    0x000422, 0x00042a, 0x000462, 0x00a64a, 0x001c89, 0x001c90, 0x001c91, 0x001c92, 0x001c93, 0x001c94, 0x001c95, 0x001c96, 0x001c97, 0x001c98, 0x001c99, 0x001c9a,
    0x001c9b, 0x001c9c, 0x001c9d, 0x001c9e, 0x001c9f, 0x001ca0, 0x001ca1, 0x001ca2, 0x001ca3, 0x001ca4, 0x001ca5, 0x001ca6, 0x001ca7, 0x001ca8, 0x001ca9, 0x001caa,
    0x001cab, 0x001cac, 0x001cad, 0x001cae, 0x001caf, 0x001cb0, 0x001cb1, 0x001cb2, 0x001cb3, 0x001cb4, 0x001cb5, 0x001cb6, 0x001cb7, 0x001cb8, 0x001cb9, 0x001cba,
    0x001cbd, 0x001cbe, 0x001cbf, 0x00a77d, 0x002c63, 0x00a7c6, 0x001e00, 0x001e02, 0x001e04, 0x001e06, 0x001e08, 0x001e0a, 0x001e0c, 0x001e0e, 0x001e10, 0x001e12,
    0x001e14, 0x001e16, 0x001e18, 0x001e1a, 0x001e1c, 0x001e1e, 0x001e20, 0x001e22, 0x001e24, 0x001e26, 0x001e28, 0x001e2a, 0x001e2c, 0x001e2e, 0x001e30, 0x001e32,
    0x001e34, 0x001e36, 0x001e38, 0x001e3a, 0x001e3c, 0x001e3e, 0x001e40, 0x001e42, 0x001e44, 0x001e46, 0x001e48, 0x001e4a, 0x001e4c, 0x001e4e, 0x001e50, 0x001e52,
    0x001e54, 0x001e56, 0x001e58, 0x001e5a, 0x001e5c, 0x001e5e, 0x001e60, 0x001e62, 0x001e64, 0x001e66, 0x001e68, 0x001e6a, 0x001e6c, 0x001e6e, 0x001e70, 0x001e72,
    0x001e74, 0x001e76, 0x001e78, 0x001e7a, 0x001e7c, 0x001e7e, 0x001e80, 0x001e82, 0x001e84, 0x001e86, 0x001e88, 0x001e8a, 0x001e8c, 0x001e8e, 0x001e90, 0x001e92,
    0x001e94, 0x001e96, 0x001e97, 0x001e98, 0x001e99, 0x001e9a, 0x001e60, 0x001e9e, 0x001ea0, 0x001ea2, 0x001ea4, 0x001ea6, 0x001ea8, 0x001eaa, 0x001eac, 0x001eae,
    0x001eb0, 0x001eb2, 0x001eb4, 0x001eb6, 0x001eb8, 0x001eba, 0x001ebc, 0x001ebe, 0x001ec0, 0x001ec2, 0x001ec4, 0x001ec6, 0x001ec8, 0x001eca, 0x001ecc, 0x001ece,
    0x001ed0, 0x001ed2, 0x001ed4, 0x001ed6, 0x001ed8, 0x001eda, 0x001edc, 0x001ede, 0x001ee0, 0x001ee2, 0x001ee4, 0x001ee6, 0x001ee8, 0x001eea, 0x001eec, 0x001eee,
    0x001ef0, 0x001ef2, 0x001ef4, 0x001ef6, 0x001ef8, 0x001efa, 0x001efc, 0x001efe, 0x001f08, 0x001f09, 0x001f0a, 0x001f0b, 0x001f0c, 0x001f0d, 0x001f0e, 0x001f0f,
    0x001f18, 0x001f19, 0x001f1a, 0x001f1b, 0x001f1c, 0x001f1d, 0x001f28, 0x001f29, 0x001f2a, 0x001f2b, 0x001f2c, 0x001f2d, 0x001f2e, 0x001f2f, 0x001f38, 0x001f39,
    0x001f3a, 0x001f3b, 0x001f3c, 0x001f3d, 0x001f3e, 0x001f3f, 0x001f48, 0x001f49, 0x001f4a, 0x001f4b, 0x001f4c, 0x001f4d, 0x001f50, 0x001f59, 0x001f52, 0x001f5b,
    0x001f54, 0x001f5d, 0x001f56, 0x001f5f, 0x001f68, 0x001f69, 0x001f6a, 0x001f6b, 0x001f6c, 0x001f6d, 0x001f6e, 0x001f6f, 0x001fba, 0x001fbb, 0x001fc8, 0x001fc9,
    0x001fca, 0x001fcb, 0x001fda, 0x001fdb, 0x001ff8, 0x001ff9, 0x001fea, 0x001feb, 0x001ffa, 0x001ffb, 0x001f88, 0x001f89, 0x001f8a, 0x001f8b, 0x001f8c, 0x001f8d,
    0x001f8e, 0x001f8f, 0x001f88, 0x001f89, 0x001f8a, 0x001f8b, 0x001f8c, 0x001f8d, 0x001f8e, 0x001f8f, 0x001f98, 0x001f99, 0x001f9a, 0x001f9b, 0x001f9c, 0x001f9d,
    0x001f9e, 0x001f9f, 0x001f98, 0x001f99, 0x001f9a, 0x001f9b, 0x001f9c, 0x001f9d, 0x001f9e, 0x001f9f, 0x001fa8, 0x001fa9, 0x001faa, 0x001fab, 0x001fac, 0x001fad,
    0x001fae, 0x001faf, 0x001fa8, 0x001fa9, 0x001faa, 0x001fab, 0x001fac, 0x001fad, 0x001fae, 0x001faf, 0x001fb8, 0x001fb9, 0x001fb2, 0x001fbc, 0x001fb4, 0x001fb6,
    0x001fb7, 0x001fbc, 0x000399, 0x001fc2, 0x001fcc, 0x001fc4, 0x001fc6, 0x001fc7, 0x001fcc, 0x001fd8, 0x001fd9, 0x001fd2, 0x001fd3, 0x001fd6, 0x001fd7, 0x001fe8,
    0x001fe9, 0x001fe2, 0x001fe3, 0x001fe4, 0x001fec, 0x001fe6, 0x001fe7, 0x001ff2, 0x001ffc, 0x001ff4, 0x001ff6, 0x001ff7, 0x001ffc, 0x002126, 0x00212a, 0x00212b,
    0x002132, 0x002160, 0x002161, 0x002162, 0x002163, 0x002164, 0x002165, 0x002166, 0x002167, 0x002168, 0x002169, 0x00216a, 0x00216b, 0x00216c, 0x00216d, 0x00216e,
    0x00216f, 0x002183, 0x0024b6, 0x0024b7, 0x0024b8, 0x0024b9, 0x0024ba, 0x0024bb, 0x0024bc, 0x0024bd, 0x0024be, 0x0024bf, 0x0024c0, 0x0024c1, 0x0024c2, 0x0024c3,
    0x0024c4, 0x0024c5, 0x0024c6, 0x0024c7, 0x0024c8, 0x0024c9, 0x0024ca, 0x0024cb, 0x0024cc, 0x0024cd, 0x0024ce, 0x0024cf, 0x002c00, 0x002c01, 0x002c02, 0x002c03,
    0x002c04, 0x002c05, 0x002c06, 0x002c07, 0x002c08, 0x002c09, 0x002c0a, 0x002c0b, 0x002c0c, 0x002c0d, 0x002c0e, 0x002c0f, 0x002c10, 0x002c11, 0x002c12, 0x002c13,
    0x002c14, 0x002c15, 0x002c16, 0x002c17, 0x002c18, 0x002c19, 0x002c1a, 0x002c1b, 0x002c1c, 0x002c1d, 0x002c1e, 0x002c1f, 0x002c20, 0x002c21, 0x002c22, 0x002c23,
    0x002c24, 0x002c25, 0x002c26, 0x002c27, 0x002c28, 0x002c29, 0x002c2a, 0x002c2b, 0x002c2c, 0x002c2d, 0x002c2e, 0x002c2f, 0x002c60, 0x002c67, 0x002c69, 0x002c6b,
    0x002c72, 0x002c75, 0x002c80, 0x002c82, 0x002c84, 0x002c86, 0x002c88, 0x002c8a, 0x002c8c, 0x002c8e, 0x002c90, 0x002c92, 0x002c94, 0x002c96, 0x002c98, 0x002c9a,
    0x002c9c, 0x002c9e, 0x002ca0, 0x002ca2, 0x002ca4, 0x002ca6, 0x002ca8, 0x002caa, 0x002cac, 0x002cae, 0x002cb0, 0x002cb2, 0x002cb4, 0x002cb6, 0x002cb8, 0x002cba,
    0x002cbc, 0x002cbe, 0x002cc0, 0x002cc2, 0x002cc4, 0x002cc6, 0x002cc8, 0x002cca, 0x002ccc, 0x002cce, 0x002cd0, 0x002cd2, 0x002cd4, 0x002cd6, 0x002cd8, 0x002cda,
    0x002cdc, 0x002cde, 0x002ce0, 0x002ce2, 0x002ceb, 0x002ced, 0x002cf2, 0x00a640, 0x00a642, 0x00a644, 0x00a646, 0x00a648, 0x00a64a, 0x00a64c, 0x00a64e, 0x00a650,
    0x00a652, 0x00a654, 0x00a656, 0x00a658, 0x00a65a, 0x00a65c, 0x00a65e, 0x00a660, 0x00a662, 0x00a664, 0x00a666, 0x00a668, 0x00a66a, 0x00a66c, 0x00a680, 0x00a682,
    0x00a684, 0x00a686, 0x00a688, 0x00a68a, 0x00a68c, 0x00a68e, 0x00a690, 0x00a692, 0x00a694, 0x00a696, 0x00a698, 0x00a69a, 0x00a722, 0x00a724, 0x00a726, 0x00a728,
    0x00a72a, 0x00a72c, 0x00a72e, 0x00a732, 0x00a734, 0x00a736, 0x00a738, 0x00a73a, 0x00a73c, 0x00a73e, 0x00a740, 0x00a742, 0x00a744, 0x00a746, 0x00a748, 0x00a74a,
    0x00a74c, 0x00a74e, 0x00a750, 0x00a752, 0x00a754, 0x00a756, 0x00a758, 0x00a75a, 0x00a75c, 0x00a75e, 0x00a760, 0x00a762, 0x00a764, 0x00a766, 0x00a768, 0x00a76a,
    0x00a76c, 0x00a76e, 0x00a779, 0x00a77b, 0x00a77e, 0x00a780, 0x00a782, 0x00a784, 0x00a786, 0x00a78b, 0x00a790, 0x00a792, 0x00a7c4, 0x00a796, 0x00a798, 0x00a79a,
    0x00a79c, 0x00a79e, 0x00a7a0, 0x00a7a2, 0x00a7a4, 0x00a7a6, 0x00a7a8, 0x00a7b3, 0x00a7b4, 0x00a7b6, 0x00a7b8, 0x00a7ba, 0x00a7bc, 0x00a7be, 0x00a7c0, 0x00a7c2,
    0x00a7c7, 0x00a7c9, 0x00a7cc, 0x00a7d0, 0x00a7d6, 0x00a7d8, 0x00a7da, 0x00a7f5, 0x00fb00, 0x00fb01, 0x00fb02, 0x00fb03, 0x00fb04, 0x00fb05, 0x00fb06, 0x00fb13,
    0x00fb14, 0x00fb15, 0x00fb16, 0x00fb17, 0x00ff21, 0x00ff22, 0x00ff23, 0x00ff24, 0x00ff25, 0x00ff26, 0x00ff27, 0x00ff28, 0x00ff29, 0x00ff2a, 0x00ff2b, 0x00ff2c,
    0x00ff2d, 0x00ff2e, 0x00ff2f, 0x00ff30, 0x00ff31, 0x00ff32, 0x00ff33, 0x00ff34, 0x00ff35, 0x00ff36, 0x00ff37, 0x00ff38, 0x00ff39, 0x00ff3a, 0x010400, 0x010401,
    0x010402, 0x010403, 0x010404, 0x010405, 0x010406, 0x010407, 0x010408, 0x010409, 0x01040a, 0x01040b, 0x01040c, 0x01040d, 0x01040e, 0x01040f, 0x010410, 0x010411,
    0x010412, 0x010413, 0x010414, 0x010415, 0x010416, 0x010417, 0x010418, 0x010419, 0x01041a, 0x01041b, 0x01041c, 0x01041d, 0x01041e, 0x01041f, 0x010420, 0x010421,
    0x010422, 0x010423, 0x010424, 0x010425, 0x010426, 0x010427, 0x0104b0, 0x0104b1, 0x0104b2, 0x0104b3, 0x0104b4, 0x0104b5, 0x0104b6, 0x0104b7, 0x0104b8, 0x0104b9,
    0x0104ba, 0x0104bb, 0x0104bc, 0x0104bd, 0x0104be, 0x0104bf, 0x0104c0, 0x0104c1, 0x0104c2, 0x0104c3, 0x0104c4, 0x0104c5, 0x0104c6, 0x0104c7, 0x0104c8, 0x0104c9,
    0x0104ca, 0x0104cb, 0x0104cc, 0x0104cd, 0x0104ce, 0x0104cf, 0x0104d0, 0x0104d1, 0x0104d2, 0x0104d3, 0x010570, 0x010571, 0x010572, 0x010573, 0x010574, 0x010575,
    0x010576, 0x010577, 0x010578, 0x010579, 0x01057a, 0x01057c, 0x01057d, 0x01057e, 0x01057f, 0x010580, 0x010581, 0x010582, 0x010583, 0x010584, 0x010585, 0x010586,
    0x010587, 0x010588, 0x010589, 0x01058a, 0x01058c, 0x01058d, 0x01058e, 0x01058f, 0x010590, 0x010591, 0x010592, 0x010594, 0x010595, 0x010c80, 0x010c81, 0x010c82,
    0x010c83, 0x010c84, 0x010c85, 0x010c86, 0x010c87, 0x010c88, 0x010c89, 0x010c8a, 0x010c8b, 0x010c8c, 0x010c8d, 0x010c8e, 0x010c8f, 0x010c90, 0x010c91, 0x010c92,
    0x010c93, 0x010c94, 0x010c95, 0x010c96, 0x010c97, 0x010c98, 0x010c99, 0x010c9a, 0x010c9b, 0x010c9c, 0x010c9d, 0x010c9e, 0x010c9f, 0x010ca0, 0x010ca1, 0x010ca2,
    0x010ca3, 0x010ca4, 0x010ca5, 0x010ca6, 0x010ca7, 0x010ca8, 0x010ca9, 0x010caa, 0x010cab, 0x010cac, 0x010cad, 0x010cae, 0x010caf, 0x010cb0, 0x010cb1, 0x010cb2,
    0x010d50, 0x010d51, 0x010d52, 0x010d53, 0x010d54, 0x010d55, 0x010d56, 0x010d57, 0x010d58, 0x010d59, 0x010d5a, 0x010d5b, 0x010d5c, 0x010d5d, 0x010d5e, 0x010d5f,
    0x010d60, 0x010d61, 0x010d62, 0x010d63, 0x010d64, 0x010d65, 0x0118a0, 0x0118a1, 0x0118a2, 0x0118a3, 0x0118a4, 0x0118a5, 0x0118a6, 0x0118a7, 0x0118a8, 0x0118a9,
    0x0118aa, 0x0118ab, 0x0118ac, 0x0118ad, 0x0118ae, 0x0118af, 0x0118b0, 0x0118b1, 0x0118b2, 0x0118b3, 0x0118b4, 0x0118b5, 0x0118b6, 0x0118b7, 0x0118b8, 0x0118b9,
    0x0118ba, 0x0118bb, 0x0118bc, 0x0118bd, 0x0118be, 0x0118bf, 0x016e40, 0x016e41, 0x016e42, 0x016e43, 0x016e44, 0x016e45, 0x016e46, 0x016e47, 0x016e48, 0x016e49,
    0x016e4a, 0x016e4b, 0x016e4c, 0x016e4d, 0x016e4e, 0x016e4f, 0x016e50, 0x016e51, 0x016e52, 0x016e53, 0x016e54, 0x016e55, 0x016e56, 0x016e57, 0x016e58, 0x016e59,
    0x016e5a, 0x016e5b, 0x016e5c, 0x016e5d, 0x016e5e, 0x016e5f, 0x01e900, 0x01e901, 0x01e902, 0x01e903, 0x01e904, 0x01e905, 0x01e906, 0x01e907, 0x01e908, 0x01e909,
    0x01e90a, 0x01e90b, 0x01e90c, 0x01e90d, 0x01e90e, 0x01e90f, 0x01e910, 0x01e911, 0x01e912, 0x01e913, 0x01e914, 0x01e915, 0x01e916, 0x01e917, 0x01e918, 0x01e919,
    0x01e91a, 0x01e91b, 0x01e91c, 0x01e91d, 0x01e91e, 0x01e91f, 0x01e920, 0x01e921,
];

pub static case_map_fold: [uint32; 1704] = [
    0x000000, 0x000000, 0x000001, 0x000002, 0x000003, 0x000004, 0x000005, 0x000006, 0x000007, 0x000008, 0x000009, 0x00000a, 0x00000b, 0x00000c, 0x00000d, 0x00000e,
    0x00000f, 0x000010, 0x000011, 0x000012, 0x000013, 0x000014, 0x000015, 0x000016, 0x000017, 0x000018, 0x000019, 0x00001a, 0x00001b, 0x00001c, 0x00001d, 0x00001e,
    0x00001f, 0x000020, 0x000021, 0x000022, 0x000023, 0x000024, 0x000025, 0x000026, 0x000027, 0x000028, 0x000029, 0x00002a, 0x00002b, 0x00002c, 0x00002d, 0x00002e,
    0x00002f, 0x000030, 0x000031, 0x000032, 0x000033, 0x000034, 0x000035, 0x000036, 0x000037, 0x000038, 0x000039, 0x00003a, 0x00003b, 0x00003c, 0x00003d, 0x00003e,
    0x00003f, 0x000040, 0x000061, 0x000062, 0x000063, 0x000064, 0x000065, 0x000066, 0x000067, 0x000068, 0x000069, 0x00006a, 0x00006b, 0x00006c, 0x00006d, 0x00006e,
    0x00006f, 0x000070, 0x000071, 0x000072, 0x000073, 0x000074, 0x000075, 0x000076, 0x000077, 0x000078, 0x000079, 0x00007a, 0x00005b, 0x00005c, 0x00005d, 0x00005e,
    0x00005f, 0x000060, 0x000061, 0x000062, 0x000063, 0x000064, 0x000065, 0x000066, 0x000067, 0x000068, 0x000069, 0x00006a, 0x00006b, 0x00006c, 0x00006d, 0x00006e,
    0x00006f, 0x000070, 0x000071, 0x000072, 0x000073, 0x000074, 0x000075, 0x000076, 0x000077, 0x000078, 0x000079, 0x00007a, 0x00007b, 0x00007c, 0x00007d, 0x00007e,
    0x00007f, 0x0003bc, 0x0000e0, 0x0000e1, 0x0000e2, 0x0000e3, 0x0000e4, 0x0000e5, 0x0000e6, 0x0000e7, 0x0000e8, 0x0000e9, 0x0000ea, 0x0000eb, 0x0000ec, 0x0000ed,
    0x0000ee, 0x0000ef, 0x0000f0, 0x0000f1, 0x0000f2, 0x0000f3, 0x0000f4, 0x0000f5, 0x0000f6, 0x0000f8, 0x0000f9, 0x0000fa, 0x0000fb, 0x0000fc, 0x0000fd, 0x0000fe,
    0x0000df, 0x0000ff, 0x000101, 0x000103, 0x000105, 0x000107, 0x000109, 0x00010b, 0x00010d, 0x00010f, 0x000111, 0x000113, 0x000115, 0x000117, 0x000119, 0x00011b,
    0x00011d, 0x00011f, 0x000121, 0x000123, 0x000125, 0x000127, 0x000129, 0x00012b, 0x00012d, 0x00012f, 0x000130, 0x000131, 0x000133, 0x000135, 0x000137, 0x00013a,
    0x00013c, 0x00013e, 0x000140, 0x000142, 0x000144, 0x000146, 0x000148, 0x000149, 0x00014b, 0x00014d, 0x00014f, 0x000151, 0x000153, 0x000155, 0x000157, 0x000159,
    0x00015b, 0x00015d, 0x00015f, 0x000161, 0x000163, 0x000165, 0x000167, 0x000169, 0x00016b, 0x00016d, 0x00016f, 0x000171, 0x000173, 0x000175, 0x000177, 0x00017a,
    0x00017c, 0x00017e, 0x000073, 0x000180, 0x000253, 0x000183, 0x000185, 0x000254, 0x000188, 0x000256, 0x000257, 0x00018c, 0x0001dd, 0x000259, 0x00025b, 0x000192,
    0x000260, 0x000263, 0x000195, 0x000269, 0x000268, 0x000199, 0x00019a, 0x00019b, 0x00026f, 0x000272, 0x00019e, 0x000275, 0x0001a1, 0x0001a3, 0x0001a5, 0x000280,
    0x0001a8, 0x000283, 0x0001ad, 0x000288, 0x0001b0, 0x00028a, 0x00028b, 0x0001b4, 0x0001b6, 0x000292, 0x0001b9, 0x0001bd, 0x0001bf, 0x0001c6, 0x0001c9, 0x0001cc,
    0x0001ce, 0x0001d0, 0x0001d2, 0x0001d4, 0x0001d6, 0x0001d8, 0x0001da, 0x0001dc, 0x0001df, 0x0001e1, 0x0001e3, 0x0001e5, 0x0001e7, 0x0001e9, 0x0001eb, 0x0001ed,
    0x0001ef, 0x0001f0, 0x0001f3, 0x0001f5, 0x0001f9, 0x0001fb, 0x0001fd, 0x0001ff, 0x000201, 0x000203, 0x000205, 0x000207, 0x000209, 0x00020b, 0x00020d, 0x00020f,
    0x000211, 0x000213, 0x000215, 0x000217, 0x000219, 0x00021b, 0x00021d, 0x00021f, 0x000223, 0x000225, 0x000227, 0x000229, 0x00022b, 0x00022d, 0x00022f, 0x000231,
    0x000233, 0x002c65, 0x00023c, 0x002c66, 0x00023f, 0x000240, 0x000242, 0x000289, 0x00028c, 0x000247, 0x000249, 0x00024b, 0x00024d, 0x00024f, 0x000250, 0x000251,
    0x000252, 0x00025c, 0x000261, 0x000264, 0x000265, 0x000266, 0x00026a, 0x00026b, 0x00026c, 0x000271, 0x00027d, 0x000282, 0x000287, 0x00029d, 0x00029e, 0x0003b9,
    0x000371, 0x000373, 0x000377, 0x00037b, 0x00037c, 0x00037d, 0x0003f3, 0x0003ac, 0x0003ad, 0x0003ae, 0x0003af, 0x0003cc, 0x0003cd, 0x0003ce, 0x000390, 0x0003b1,
    0x0003b2, 0x0003b3, 0x0003b4, 0x0003b5, 0x0003b6, 0x0003b7, 0x0003b8, 0x0003b9, 0x0003ba, 0x0003bb, 0x0003bc, 0x0003bd, 0x0003be, 0x0003bf, 0x0003c0, 0x0003c1,
    0x0003c3, 0x0003c4, 0x0003c5, 0x0003c6, 0x0003c7, 0x0003c8, 0x0003c9, 0x0003ca, 0x0003cb, 0x0003b0, 0x0003c3, 0x0003c3, 0x0003d7, 0x0003b2, 0x0003b8, 0x0003c6,
    0x0003c0, 0x0003d9, 0x0003db, 0x0003dd, 0x0003df, 0x0003e1, 0x0003e3, 0x0003e5, 0x0003e7, 0x0003e9, 0x0003eb, 0x0003ed, 0x0003ef, 0x0003ba, 0x0003c1, 0x0003f2,
    0x0003b8, 0x0003b5, 0x0003f8, 0x0003fb, 0x000450, 0x000451, 0x000452, 0x000453, 0x000454, 0x000455, 0x000456, 0x000457, 0x000458, 0x000459, 0x00045a, 0x00045b,
    0x00045c, 0x00045d, 0x00045e, 0x00045f, 0x000430, 0x000431, 0x000432, 0x000433, 0x000434, 0x000435, 0x000436, 0x000437, 0x000438, 0x000439, 0x00043a, 0x00043b,
    0x00043c, 0x00043d, 0x00043e, 0x00043f, 0x000440, 0x000441, 0x000442, 0x000443, 0x000444, 0x000445, 0x000446, 0x000447, 0x000448, 0x000449, 0x00044a, 0x00044b,
    0x00044c, 0x00044d, 0x00044e, 0x00044f, 0x000461, 0x000463, 0x000465, 0x000467, 0x000469, 0x00046b, 0x00046d, 0x00046f, 0x000471, 0x000473, 0x000475, 0x000477,
    0x000479, 0x00047b, 0x00047d, 0x00047f, 0x000481, 0x00048b, 0x00048d, 0x00048f, 0x000491, 0x000493, 0x000495, 0x000497, 0x000499, 0x00049b, 0x00049d, 0x00049f,
    0x0004a1, 0x0004a3, 0x0004a5, 0x0004a7, 0x0004a9, 0x0004ab, 0x0004ad, 0x0004af, 0x0004b1, 0x0004b3, 0x0004b5, 0x0004b7, 0x0004b9, 0x0004bb, 0x0004bd, 0x0004bf,
    0x0004cf, 0x0004c2, 0x0004c4, 0x0004c6, 0x0004c8, 0x0004ca, 0x0004cc, 0x0004ce, 0x0004d1, 0x0004d3, 0x0004d5, 0x0004d7, 0x0004d9, 0x0004db, 0x0004dd, 0x0004df,
    0x0004e1, 0x0004e3, 0x0004e5, 0x0004e7, 0x0004e9, 0x0004eb, 0x0004ed, 0x0004ef, 0x0004f1, 0x0004f3, 0x0004f5, 0x0004f7, 0x0004f9, 0x0004fb, 0x0004fd, 0x0004ff,
    0x000501, 0x000503, 0x000505, 0x000507, 0x000509, 0x00050b, 0x00050d, 0x00050f, 0x000511, 0x000513, 0x000515, 0x000517, 0x000519, 0x00051b, 0x00051d, 0x00051f,
    0x000521, 0x000523, 0x000525, 0x000527, 0x000529, 0x00052b, 0x00052d, 0x00052f, 0x000561, 0x000562, 0x000563, 0x000564, 0x000565, 0x000566, 0x000567, 0x000568,
    0x000569, 0x00056a, 0x00056b, 0x00056c, 0x00056d, 0x00056e, 0x00056f, 0x000570, 0x000571, 0x000572, 0x000573, 0x000574, 0x000575, 0x000576, 0x000577, 0x000578,
    0x000579, 0x00057a, 0x00057b, 0x00057c, 0x00057d, 0x00057e, 0x00057f, 0x000580, 0x000581, 0x000582, 0x000583, 0x000584, 0x000585, 0x000586, 0x000587, 0x002d00,
    0x002d01, 0x002d02, 0x002d03, 0x002d04, 0x002d05, 0x002d06, 0x002d07, 0x002d08, 0x002d09, 0x002d0a, 0x002d0b, 0x002d0c, 0x002d0d, 0x002d0e, 0x002d0f, 0x002d10,
    0x002d11, 0x002d12, 0x002d13, 0x002d14, 0x002d15, 0x002d16, 0x002d17, 0x002d18, 0x002d19, 0x002d1a, 0x002d1b, 0x002d1c, 0x002d1d, 0x002d1e, 0x002d1f, 0x002d20,
    0x002d21, 0x002d22, 0x002d23, 0x002d24, 0x002d25, 0x002d27, 0x002d2d, 0x0010d0, 0x0010d1, 0x0010d2, 0x0010d3, 0x0010d4, 0x0010d5, 0x0010d6, 0x0010d7, 0x0010d8,
    0x0010d9, 0x0010da, 0x0010db, 0x0010dc, 0x0010dd, 0x0010de, 0x0010df, 0x0010e0, 0x0010e1, 0x0010e2, 0x0010e3, 0x0010e4, 0x0010e5, 0x0010e6, 0x0010e7, 0x0010e8,
    0x0010e9, 0x0010ea, 0x0010eb, 0x0010ec, 0x0010ed, 0x0010ee, 0x0010ef, 0x0010f0, 0x0010f1, 0x0010f2, 0x0010f3, 0x0010f4, 0x0010f5, 0x0010f6, 0x0010f7, 0x0010f8,
    0x0010f9, 0x0010fa, 0x0010fd, 0x0010fe, 0x0010ff, 0x0013a0, 0x0013a1, 0x0013a2, 0x0013a3, 0x0013a4, 0x0013a5, 0x0013a6, 0x0013a7, 0x0013a8, 0x0013a9, 0x0013aa,
    0x0013ab, 0x0013ac, 0x0013ad, 0x0013ae, 0x0013af, 0x0013b0, 0x0013b1, 0x0013b2, 0x0013b3, 0x0013b4, 0x0013b5, 0x0013b6, 0x0013b7, 0x0013b8, 0x0013b9, 0x0013ba,
    0x0013bb, 0x0013bc, 0x0013bd, 0x0013be, 0x0013bf, 0x0013c0, 0x0013c1, 0x0013c2, 0x0013c3, 0x0013c4, 0x0013c5, 0x0013c6, 0x0013c7, 0x0013c8, 0x0013c9, 0x0013ca,
    0x0013cb, 0x0013cc, 0x0013cd, 0x0013ce, 0x0013cf, 0x0013d0, 0x0013d1, 0x0013d2, 0x0013d3, 0x0013d4, 0x0013d5, 0x0013d6, 0x0013d7, 0x0013d8, 0x0013d9, 0x0013da,
    0x0013db, 0x0013dc, 0x0013dd, 0x0013de, 0x0013df, 0x0013e0, 0x0013e1, 0x0013e2, 0x0013e3, 0x0013e4, 0x0013e5, 0x0013e6, 0x0013e7, 0x0013e8, 0x0013e9, 0x0013ea,
    0x0013eb, 0x0013ec, 0x0013ed, 0x0013ee, 0x0013ef, 0x0013f0, 0x0013f1, 0x0013f2, 0x0013f3, 0x0013f4, 0x0013f5, 0x000432, 0x000434, 0x00043e, 0x000441, 0x000442,
    0x000442, 0x00044a, 0x000463, 0x00a64b, 0x001c8a, 0x0010d0, 0x0010d1, 0x0010d2, 0x0010d3, 0x0010d4, 0x0010d5, 0x0010d6, 0x0010d7, 0x0010d8, 0x0010d9, 0x0010da,
    0x0010db, 0x0010dc, 0x0010dd, 0x0010de, 0x0010df, 0x0010e0, 0x0010e1, 0x0010e2, 0x0010e3, 0x0010e4, 0x0010e5, 0x0010e6, 0x0010e7, 0x0010e8, 0x0010e9, 0x0010ea,
    0x0010eb, 0x0010ec, 0x0010ed, 0x0010ee, 0x0010ef, 0x0010f0, 0x0010f1, 0x0010f2, 0x0010f3, 0x0010f4, 0x0010f5, 0x0010f6, 0x0010f7, 0x0010f8, 0x0010f9, 0x0010fa,
    0x0010fd, 0x0010fe, 0x0010ff, 0x001d79, 0x001d7d, 0x001d8e, 0x001e01, 0x001e03, 0x001e05, 0x001e07, 0x001e09, 0x001e0b, 0x001e0d, 0x001e0f, 0x001e11, 0x001e13,
    0x001e15, 0x001e17, 0x001e19, 0x001e1b, 0x001e1d, 0x001e1f, 0x001e21, 0x001e23, 0x001e25, 0x001e27, 0x001e29, 0x001e2b, 0x001e2d, 0x001e2f, 0x001e31, 0x001e33,
    0x001e35, 0x001e37, 0x001e39, 0x001e3b, 0x001e3d, 0x001e3f, 0x001e41, 0x001e43, 0x001e45, 0x001e47, 0x001e49, 0x001e4b, 0x001e4d, 0x001e4f, 0x001e51, 0x001e53,
    0x001e55, 0x001e57, 0x001e59, 0x001e5b, 0x001e5d, 0x001e5f, 0x001e61, 0x001e63, 0x001e65, 0x001e67, 0x001e69, 0x001e6b, 0x001e6d, 0x001e6f, 0x001e71, 0x001e73,
    0x001e75, 0x001e77, 0x001e79, 0x001e7b, 0x001e7d, 0x001e7f, 0x001e81, 0x001e83, 0x001e85, 0x001e87, 0x001e89, 0x001e8b, 0x001e8d, 0x001e8f, 0x001e91, 0x001e93,
    0x001e95, 0x001e96, 0x001e97, 0x001e98, 0x001e99, 0x001e9a, 0x001e61, 0x0000df, 0x001ea1, 0x001ea3, 0x001ea5, 0x001ea7, 0x001ea9, 0x001eab, 0x001ead, 0x001eaf,
    0x001eb1, 0x001eb3, 0x001eb5, 0x001eb7, 0x001eb9, 0x001ebb, 0x001ebd, 0x001ebf, 0x001ec1, 0x001ec3, 0x001ec5, 0x001ec7, 0x001ec9, 0x001ecb, 0x001ecd, 0x001ecf,
    0x001ed1, 0x001ed3, 0x001ed5, 0x001ed7, 0x001ed9, 0x001edb, 0x001edd, 0x001edf, 0x001ee1, 0x001ee3, 0x001ee5, 0x001ee7, 0x001ee9, 0x001eeb, 0x001eed, 0x001eef,
    0x001ef1, 0x001ef3, 0x001ef5, 0x001ef7, 0x001ef9, 0x001efb, 0x001efd, 0x001eff, 0x001f00, 0x001f01, 0x001f02, 0x001f03, 0x001f04, 0x001f05, 0x001f06, 0x001f07,
    0x001f10, 0x001f11, 0x001f12, 0x001f13, 0x001f14, 0x001f15, 0x001f20, 0x001f21, 0x001f22, 0x001f23, 0x001f24, 0x001f25, 0x001f26, 0x001f27, 0x001f30, 0x001f31,
    0x001f32, 0x001f33, 0x001f34, 0x001f35, 0x001f36, 0x001f37, 0x001f40, 0x001f41, 0x001f42, 0x001f43, 0x001f44, 0x001f45, 0x001f50, 0x001f51, 0x001f52, 0x001f53,
    0x001f54, 0x001f55, 0x001f56, 0x001f57, 0x001f60, 0x001f61, 0x001f62, 0x001f63, 0x001f64, 0x001f65, 0x001f66, 0x001f67, 0x001f70, 0x001f71, 0x001f72, 0x001f73,
    0x001f74, 0x001f75, 0x001f76, 0x001f77, 0x001f78, 0x001f79, 0x001f7a, 0x001f7b, 0x001f7c, 0x001f7d, 0x001f80, 0x001f81, 0x001f82, 0x001f83, 0x001f84, 0x001f85,
    0x001f86, 0x001f87, 0x001f80, 0x001f81, 0x001f82, 0x001f83, 0x001f84, 0x001f85, 0x001f86, 0x001f87, 0x001f90, 0x001f91, 0x001f92, 0x001f93, 0x001f94, 0x001f95,
    0x001f96, 0x001f97, 0x001f90, 0x001f91, 0x001f92, 0x001f93, 0x001f94, 0x001f95, 0x001f96, 0x001f97, 0x001fa0, 0x001fa1, 0x001fa2, 0x001fa3, 0x001fa4, 0x001fa5,
    0x001fa6, 0x001fa7, 0x001fa0, 0x001fa1, 0x001fa2, 0x001fa3, 0x001fa4, 0x001fa5, 0x001fa6, 0x001fa7, 0x001fb0, 0x001fb1, 0x001fb2, 0x001fb3, 0x001fb4, 0x001fb6,
    0x001fb7, 0x001fb3, 0x0003b9, 0x001fc2, 0x001fc3, 0x001fc4, 0x001fc6, 0x001fc7, 0x001fc3, 0x001fd0, 0x001fd1, 0x001fd2, 0x000390, 0x001fd6, 0x001fd7, 0x001fe0,
    0x001fe1, 0x001fe2, 0x0003b0, 0x001fe4, 0x001fe5, 0x001fe6, 0x001fe7, 0x001ff2, 0x001ff3, 0x001ff4, 0x001ff6, 0x001ff7, 0x001ff3, 0x0003c9, 0x00006b, 0x0000e5,
    0x00214e, 0x002170, 0x002171, 0x002172, 0x002173, 0x002174, 0x002175, 0x002176, 0x002177, 0x002178, 0x002179, 0x00217a, 0x00217b, 0x00217c, 0x00217d, 0x00217e,
    0x00217f, 0x002184, 0x0024d0, 0x0024d1, 0x0024d2, 0x0024d3, 0x0024d4, 0x0024d5, 0x0024d6, 0x0024d7, 0x0024d8, 0x0024d9, 0x0024da, 0x0024db, 0x0024dc, 0x0024dd,
    0x0024de, 0x0024df, 0x0024e0, 0x0024e1, 0x0024e2, 0x0024e3, 0x0024e4, 0x0024e5, 0x0024e6, 0x0024e7, 0x0024e8, 0x0024e9, 0x002c30, 0x002c31, 0x002c32, 0x002c33,
    0x002c34, 0x002c35, 0x002c36, 0x002c37, 0x002c38, 0x002c39, 0x002c3a, 0x002c3b, 0x002c3c, 0x002c3d, 0x002c3e, 0x002c3f, 0x002c40, 0x002c41, 0x002c42, 0x002c43,
    0x002c44, 0x002c45, 0x002c46, 0x002c47, 0x002c48, 0x002c49, 0x002c4a, 0x002c4b, 0x002c4c, 0x002c4d, 0x002c4e, 0x002c4f, 0x002c50, 0x002c51, 0x002c52, 0x002c53,
    0x002c54, 0x002c55, 0x002c56, 0x002c57, 0x002c58, 0x002c59, 0x002c5a, 0x002c5b, 0x002c5c, 0x002c5d, 0x002c5e, 0x002c5f, 0x002c61, 0x002c68, 0x002c6a, 0x002c6c,
    0x002c73, 0x002c76, 0x002c81, 0x002c83, 0x002c85, 0x002c87, 0x002c89, 0x002c8b, 0x002c8d, 0x002c8f, 0x002c91, 0x002c93, 0x002c95, 0x002c97, 0x002c99, 0x002c9b,
    0x002c9d, 0x002c9f, 0x002ca1, 0x002ca3, 0x002ca5, 0x002ca7, 0x002ca9, 0x002cab, 0x002cad, 0x002caf, 0x002cb1, 0x002cb3, 0x002cb5, 0x002cb7, 0x002cb9, 0x002cbb,
    0x002cbd, 0x002cbf, 0x002cc1, 0x002cc3, 0x002cc5, 0x002cc7, 0x002cc9, 0x002ccb, 0x002ccd, 0x002ccf, 0x002cd1, 0x002cd3, 0x002cd5, 0x002cd7, 0x002cd9, 0x002cdb,
    0x002cdd, 0x002cdf, 0x002ce1, 0x002ce3, 0x002cec, 0x002cee, 0x002cf3, 0x00a641, 0x00a643, 0x00a645, 0x00a647, 0x00a649, 0x00a64b, 0x00a64d, 0x00a64f, 0x00a651,
    0x00a653, 0x00a655, 0x00a657, 0x00a659, 0x00a65b, 0x00a65d, 0x00a65f, 0x00a661, 0x00a663, 0x00a665, 0x00a667, 0x00a669, 0x00a66b, 0x00a66d, 0x00a681, 0x00a683,
    0x00a685, 0x00a687, 0x00a689, 0x00a68b, 0x00a68d, 0x00a68f, 0x00a691, 0x00a693, 0x00a695, 0x00a697, 0x00a699, 0x00a69b, 0x00a723, 0x00a725, 0x00a727, 0x00a729,
    0x00a72b, 0x00a72d, 0x00a72f, 0x00a733, 0x00a735, 0x00a737, 0x00a739, 0x00a73b, 0x00a73d, 0x00a73f, 0x00a741, 0x00a743, 0x00a745, 0x00a747, 0x00a749, 0x00a74b,
    0x00a74d, 0x00a74f, 0x00a751, 0x00a753, 0x00a755, 0x00a757, 0x00a759, 0x00a75b, 0x00a75d, 0x00a75f, 0x00a761, 0x00a763, 0x00a765, 0x00a767, 0x00a769, 0x00a76b,
    0x00a76d, 0x00a76f, 0x00a77a, 0x00a77c, 0x00a77f, 0x00a781, 0x00a783, 0x00a785, 0x00a787, 0x00a78c, 0x00a791, 0x00a793, 0x00a794, 0x00a797, 0x00a799, 0x00a79b,
    0x00a79d, 0x00a79f, 0x00a7a1, 0x00a7a3, 0x00a7a5, 0x00a7a7, 0x00a7a9, 0x00ab53, 0x00a7b5, 0x00a7b7, 0x00a7b9, 0x00a7bb, 0x00a7bd, 0x00a7bf, 0x00a7c1, 0x00a7c3,
    0x00a7c8, 0x00a7ca, 0x00a7cd, 0x00a7d1, 0x00a7d7, 0x00a7d9, 0x00a7db, 0x00a7f6, 0x00fb00, 0x00fb01, 0x00fb02, 0x00fb03, 0x00fb04, 0x00fb06, 0x00fb06, 0x00fb13,
    0x00fb14, 0x00fb15, 0x00fb16, 0x00fb17, 0x00ff41, 0x00ff42, 0x00ff43, 0x00ff44, 0x00ff45, 0x00ff46, 0x00ff47, 0x00ff48, 0x00ff49, 0x00ff4a, 0x00ff4b, 0x00ff4c,
    0x00ff4d, 0x00ff4e, 0x00ff4f, 0x00ff50, 0x00ff51, 0x00ff52, 0x00ff53, 0x00ff54, 0x00ff55, 0x00ff56, 0x00ff57, 0x00ff58, 0x00ff59, 0x00ff5a, 0x010428, 0x010429,
    0x01042a, 0x01042b, 0x01042c, 0x01042d, 0x01042e, 0x01042f, 0x010430, 0x010431, 0x010432, 0x010433, 0x010434, 0x010435, 0x010436, 0x010437, 0x010438, 0x010439,
    0x01043a, 0x01043b, 0x01043c, 0x01043d, 0x01043e, 0x01043f, 0x010440, 0x010441, 0x010442, 0x010443, 0x010444, 0x010445, 0x010446, 0x010447, 0x010448, 0x010449,
    0x01044a, 0x01044b, 0x01044c, 0x01044d, 0x01044e, 0x01044f, 0x0104d8, 0x0104d9, 0x0104da, 0x0104db, 0x0104dc, 0x0104dd, 0x0104de, 0x0104df, 0x0104e0, 0x0104e1,
    0x0104e2, 0x0104e3, 0x0104e4, 0x0104e5, 0x0104e6, 0x0104e7, 0x0104e8, 0x0104e9, 0x0104ea, 0x0104eb, 0x0104ec, 0x0104ed, 0x0104ee, 0x0104ef, 0x0104f0, 0x0104f1,
    0x0104f2, 0x0104f3, 0x0104f4, 0x0104f5, 0x0104f6, 0x0104f7, 0x0104f8, 0x0104f9, 0x0104fa, 0x0104fb, 0x010597, 0x010598, 0x010599, 0x01059a, 0x01059b, 0x01059c,
    0x01059d, 0x01059e, 0x01059f, 0x0105a0, 0x0105a1, 0x0105a3, 0x0105a4, 0x0105a5, 0x0105a6, 0x0105a7, 0x0105a8, 0x0105a9, 0x0105aa, 0x0105ab, 0x0105ac, 0x0105ad,
    0x0105ae, 0x0105af, 0x0105b0, 0x0105b1, 0x0105b3, 0x0105b4, 0x0105b5, 0x0105b6, 0x0105b7, 0x0105b8, 0x0105b9, 0x0105bb, 0x0105bc, 0x010cc0, 0x010cc1, 0x010cc2,
    0x010cc3, 0x010cc4, 0x010cc5, 0x010cc6, 0x010cc7, 0x010cc8, 0x010cc9, 0x010cca, 0x010ccb, 0x010ccc, 0x010ccd, 0x010cce, 0x010ccf, 0x010cd0, 0x010cd1, 0x010cd2,
    0x010cd3, 0x010cd4, 0x010cd5, 0x010cd6, 0x010cd7, 0x010cd8, 0x010cd9, 0x010cda, 0x010cdb, 0x010cdc, 0x010cdd, 0x010cde, 0x010cdf, 0x010ce0, 0x010ce1, 0x010ce2,
    0x010ce3, 0x010ce4, 0x010ce5, 0x010ce6, 0x010ce7, 0x010ce8, 0x010ce9, 0x010cea, 0x010ceb, 0x010cec, 0x010ced, 0x010cee, 0x010cef, 0x010cf0, 0x010cf1, 0x010cf2,
    0x010d70, 0x010d71, 0x010d72, 0x010d73, 0x010d74, 0x010d75, 0x010d76, 0x010d77, 0x010d78, 0x010d79, 0x010d7a, 0x010d7b, 0x010d7c, 0x010d7d, 0x010d7e, 0x010d7f,
    0x010d80, 0x010d81, 0x010d82, 0x010d83, 0x010d84, 0x010d85, 0x0118c0, 0x0118c1, 0x0118c2, 0x0118c3, 0x0118c4, 0x0118c5, 0x0118c6, 0x0118c7, 0x0118c8, 0x0118c9,
    0x0118ca, 0x0118cb, 0x0118cc, 0x0118cd, 0x0118ce, 0x0118cf, 0x0118d0, 0x0118d1, 0x0118d2, 0x0118d3, 0x0118d4, 0x0118d5, 0x0118d6, 0x0118d7, 0x0118d8, 0x0118d9,
    0x0118da, 0x0118db, 0x0118dc, 0x0118dd, 0x0118de, 0x0118df, 0x016e60, 0x016e61, 0x016e62, 0x016e63, 0x016e64, 0x016e65, 0x016e66, 0x016e67, 0x016e68, 0x016e69,
    0x016e6a, 0x016e6b, 0x016e6c, 0x016e6d, 0x016e6e, 0x016e6f, 0x016e70, 0x016e71, 0x016e72, 0x016e73, 0x016e74, 0x016e75, 0x016e76, 0x016e77, 0x016e78, 0x016e79,
    0x016e7a, 0x016e7b, 0x016e7c, 0x016e7d, 0x016e7e, 0x016e7f, 0x01e922, 0x01e923, 0x01e924, 0x01e925, 0x01e926, 0x01e927, 0x01e928, 0x01e929, 0x01e92a, 0x01e92b,
    0x01e92c, 0x01e92d, 0x01e92e, 0x01e92f, 0x01e930, 0x01e931, 0x01e932, 0x01e933, 0x01e934, 0x01e935, 0x01e936, 0x01e937, 0x01e938, 0x01e939, 0x01e93a, 0x01e93b,
    0x01e93c, 0x01e93d, 0x01e93e, 0x01e93f, 0x01e940, 0x01e941, 0x01e942, 0x01e943,
];

pub static case_map_special: [uint8; 1704] = [
    0, 0, 0, 0, 0, 0, 0, 0, 0, 0, 0, 0, 0, 0, 0, 0,
    0, 0, 0, 0, 0, 0, 0, 0, 0, 0, 0, 0, 0, 0, 0, 0,
    0, 0, 0, 0, 0, 0, 0, 0, 0, 0, 0, 0, 0, 0, 0, 0,
    0, 0, 0, 0, 0, 0, 0, 0, 0, 0, 0, 0, 0, 0, 0, 0,
    0, 0, 0, 0, 0, 0, 0, 0, 0, 0, 0, 0, 0, 0, 0, 0,
    0, 0, 0, 0, 0, 0, 0, 0, 0, 0, 0, 0, 0, 0, 0, 0,
    0, 0, 0, 0, 0, 0, 0, 0, 0, 0, 0, 0, 0, 0, 0, 0,
    0, 0, 0, 0, 0, 0, 0, 0, 0, 0, 0, 0, 0, 0, 0, 0,
    0, 0, 0, 0, 0, 0, 0, 0, 0, 0, 0, 0, 0, 0, 0, 0,
    0, 0, 0, 0, 0, 0, 0, 0, 0, 0, 0, 0, 0, 0, 0, 0,
    1, 0, 0, 0, 0, 0, 0, 0, 0, 0, 0, 0, 0, 0, 0, 0,
    0, 0, 0, 0, 0, 0, 0, 0, 0, 0, 2, 0, 0, 0, 0, 0,
    0, 0, 0, 0, 0, 0, 0, 3, 0, 0, 0, 0, 0, 0, 0, 0,
    0, 0, 0, 0, 0, 0, 0, 0, 0, 0, 0, 0, 0, 0, 0, 0,
    0, 0, 0, 0, 0, 0, 0, 0, 0, 0, 0, 0, 0, 0, 0, 0,
    0, 0, 0, 0, 0, 0, 0, 0, 0, 0, 0, 0, 0, 0, 0, 0,
    0, 0, 0, 0, 0, 0, 0, 0, 0, 0, 0, 0, 0, 0, 0, 0,
    0, 0, 0, 0, 0, 0, 0, 0, 0, 0, 0, 0, 0, 0, 0, 0,
    0, 4, 0, 0, 0, 0, 0, 0, 0, 0, 0, 0, 0, 0, 0, 0,
    0, 0, 0, 0, 0, 0, 0, 0, 0, 0, 0, 0, 0, 0, 0, 0,
    0, 0, 0, 0, 0, 0, 0, 0, 0, 0, 0, 0, 0, 0, 0, 0,
    0, 0, 0, 0, 0, 0, 0, 0, 0, 0, 0, 0, 0, 0, 0, 0,
    0, 0, 0, 0, 0, 0, 0, 0, 0, 0, 0, 0, 0, 0, 5, 0,
    0, 0, 0, 0, 0, 0, 0, 0, 0, 0, 0, 0, 0, 0, 0, 0,
    6, 0, 0, 0, 0, 0, 0, 0, 0, 7, 0, 0, 0, 0, 0, 0,
    0, 0, 0, 0, 0, 0, 0, 0, 0, 0, 0, 0, 0, 0, 0, 0,
    0, 0, 0, 0, 0, 0, 0, 0, 0, 0, 0, 0, 0, 0, 0, 0,
    0, 0, 0, 0, 0, 0, 0, 0, 0, 0, 0, 0, 0, 0, 0, 0,
    0, 0, 0, 0, 0, 0, 0, 0, 0, 0, 0, 0, 0, 0, 0, 0,
    0, 0, 0, 0, 0, 0, 0, 0, 0, 0, 0, 0, 0, 0, 0, 0,
    0, 0, 0, 0, 0, 0, 0, 0, 0, 0, 0, 0, 0, 0, 0, 0,
    0, 0, 0, 0, 0, 0, 0, 0, 0, 0, 0, 0, 0, 0, 0, 0,
    0, 0, 0, 0, 0, 0, 0, 0, 0, 0, 0, 0, 0, 0, 0, 0,
    0, 0, 0, 0, 0, 0, 0, 0, 0, 0, 0, 0, 0, 0, 0, 0,
    0, 0, 0, 0, 0, 0, 0, 0, 0, 0, 0, 0, 0, 0, 0, 0,
    0, 0, 0, 0, 0, 0, 0, 0, 0, 0, 0, 0, 0, 0, 0, 0,
    0, 0, 0, 0, 0, 0, 0, 0, 0, 0, 0, 0, 0, 0, 0, 0,
    0, 0, 0, 0, 0, 0, 0, 0, 0, 0, 0, 0, 0, 0, 8, 0,
    0, 0, 0, 0, 0, 0, 0, 0, 0, 0, 0, 0, 0, 0, 0, 0,
    0, 0, 0, 0, 0, 0, 0, 0, 0, 0, 0, 0, 0, 0, 0, 0,
    0, 0, 0, 0, 0, 0, 0, 0, 0, 0, 0, 0, 0, 0, 0, 0,
    0, 0, 0, 0, 0, 0, 0, 0, 0, 0, 0, 0, 0, 0, 0, 0,
    0, 0, 0, 0, 0, 0, 0, 0, 0, 0, 0, 0, 0, 0, 0, 0,
    0, 0, 0, 0, 0, 0, 0, 0, 0, 0, 0, 0, 0, 0, 0, 0,
    0, 0, 0, 0, 0, 0, 0, 0, 0, 0, 0, 0, 0, 0, 0, 0,
    0, 0, 0, 0, 0, 0, 0, 0, 0, 0, 0, 0, 0, 0, 0, 0,
    0, 0, 0, 0, 0, 0, 0, 0, 0, 0, 0, 0, 0, 0, 0, 0,
    0, 0, 0, 0, 0, 0, 0, 0, 0, 0, 0, 0, 0, 0, 0, 0,
    0, 0, 0, 0, 0, 0, 0, 0, 0, 0, 0, 0, 0, 0, 0, 0,
    0, 0, 0, 0, 0, 0, 0, 0, 0, 0, 0, 0, 0, 0, 0, 0,
    0, 0, 0, 0, 0, 0, 0, 0, 0, 0, 0, 0, 0, 0, 0, 0,
    0, 0, 0, 0, 0, 0, 0, 0, 0, 0, 0, 0, 0, 0, 0, 0,
    0, 0, 0, 0, 0, 0, 0, 0, 0, 0, 0, 0, 0, 0, 0, 0,
    0, 0, 0, 0, 0, 0, 0, 0, 0, 0, 0, 0, 0, 0, 0, 0,
    0, 0, 0, 0, 0, 0, 0, 0, 0, 0, 0, 0, 0, 0, 0, 0,
    0, 0, 0, 0, 0, 0, 0, 0, 0, 0, 0, 0, 0, 0, 0, 0,
    0, 0, 0, 0, 0, 0, 0, 0, 0, 0, 0, 0, 0, 0, 0, 0,
    0, 9, 10, 11, 12, 13, 0, 14, 0, 0, 0, 0, 0, 0, 0, 0,
    0, 0, 0, 0, 0, 0, 0, 0, 0, 0, 0, 0, 0, 0, 0, 0,
    0, 0, 0, 0, 0, 0, 0, 0, 0, 0, 0, 0, 0, 0, 0, 0,
    0, 0, 0, 0, 0, 0, 0, 0, 0, 0, 0, 0, 0, 0, 0, 0,
    0, 0, 0, 0, 0, 0, 0, 0, 0, 0, 0, 0, 0, 0, 0, 0,
    0, 0, 0, 0, 0, 0, 0, 0, 0, 0, 0, 0, 15, 0, 16, 0,
    17, 0, 18, 0, 0, 0, 0, 0, 0, 0, 0, 0, 0, 0, 0, 0,
    0, 0, 0, 0, 0, 0, 0, 0, 0, 0, 19, 20, 21, 22, 23, 24,
    25, 26, 27, 28, 29, 30, 31, 32, 33, 34, 35, 36, 37, 38, 39, 40,
    41, 42, 43, 44, 45, 46, 47, 48, 49, 50, 51, 52, 53, 54, 55, 56,
    57, 58, 59, 60, 61, 62, 63, 64, 65, 66, 0, 0, 67, 68, 69, 70,
    71, 72, 0, 73, 74, 75, 76, 77, 78, 0, 0, 79, 80, 81, 82, 0,
    0, 83, 84, 85, 0, 86, 87, 88, 89, 90, 91, 92, 93, 0, 0, 0,
    0, 0, 0, 0, 0, 0, 0, 0, 0, 0, 0, 0, 0, 0, 0, 0,
    0, 0, 0, 0, 0, 0, 0, 0, 0, 0, 0, 0, 0, 0, 0, 0,
    0, 0, 0, 0, 0, 0, 0, 0, 0, 0, 0, 0, 0, 0, 0, 0,
    0, 0, 0, 0, 0, 0, 0, 0, 0, 0, 0, 0, 0, 0, 0, 0,
    0, 0, 0, 0, 0, 0, 0, 0, 0, 0, 0, 0, 0, 0, 0, 0,
    0, 0, 0, 0, 0, 0, 0, 0, 0, 0, 0, 0, 0, 0, 0, 0,
    0, 0, 0, 0, 0, 0, 0, 0, 0, 0, 0, 0, 0, 0, 0, 0,
    0, 0, 0, 0, 0, 0, 0, 0, 0, 0, 0, 0, 0, 0, 0, 0,
    0, 0, 0, 0, 0, 0, 0, 0, 0, 0, 0, 0, 0, 0, 0, 0,
    0, 0, 0, 0, 0, 0, 0, 0, 0, 0, 0, 0, 0, 0, 0, 0,
    0, 0, 0, 0, 0, 0, 0, 0, 0, 0, 0, 0, 0, 0, 0, 0,
    0, 0, 0, 0, 0, 0, 0, 0, 0, 0, 0, 0, 0, 0, 0, 0,
    0, 0, 0, 0, 0, 0, 0, 0, 0, 0, 0, 0, 0, 0, 0, 0,
    0, 0, 0, 0, 0, 0, 0, 0, 0, 0, 0, 0, 0, 0, 0, 0,
    0, 0, 0, 0, 0, 0, 0, 0, 0, 0, 0, 0, 0, 0, 0, 0,
    0, 0, 0, 0, 0, 0, 0, 0, 0, 0, 0, 0, 0, 0, 0, 0,
    0, 0, 0, 0, 0, 0, 0, 0, 94, 95, 96, 97, 98, 99, 100, 101,
    102, 103, 104, 105, 0, 0, 0, 0, 0, 0, 0, 0, 0, 0, 0, 0,
    0, 0, 0, 0, 0, 0, 0, 0, 0, 0, 0, 0, 0, 0, 0, 0,
    0, 0, 0, 0, 0, 0, 0, 0, 0, 0, 0, 0, 0, 0, 0, 0,
    0, 0, 0, 0, 0, 0, 0, 0, 0, 0, 0, 0, 0, 0, 0, 0,
    0, 0, 0, 0, 0, 0, 0, 0, 0, 0, 0, 0, 0, 0, 0, 0,
    0, 0, 0, 0, 0, 0, 0, 0, 0, 0, 0, 0, 0, 0, 0, 0,
    0, 0, 0, 0, 0, 0, 0, 0, 0, 0, 0, 0, 0, 0, 0, 0,
    0, 0, 0, 0, 0, 0, 0, 0, 0, 0, 0, 0, 0, 0, 0, 0,
    0, 0, 0, 0, 0, 0, 0, 0, 0, 0, 0, 0, 0, 0, 0, 0,
    0, 0, 0, 0, 0, 0, 0, 0, 0, 0, 0, 0, 0, 0, 0, 0,
    0, 0, 0, 0, 0, 0, 0, 0, 0, 0, 0, 0, 0, 0, 0, 0,
    0, 0, 0, 0, 0, 0, 0, 0, 0, 0, 0, 0, 0, 0, 0, 0,
    0, 0, 0, 0, 0, 0, 0, 0, 0, 0, 0, 0, 0, 0, 0, 0,
    0, 0, 0, 0, 0, 0, 0, 0, 0, 0, 0, 0, 0, 0, 0, 0,
    0, 0, 0, 0, 0, 0, 0, 0, 0, 0, 0, 0, 0, 0, 0, 0,
    0, 0, 0, 0, 0, 0, 0, 0, 0, 0, 0, 0, 0, 0, 0, 0,
    0, 0, 0, 0, 0, 0, 0, 0, 0, 0, 0, 0, 0, 0, 0, 0,
    0, 0, 0, 0, 0, 0, 0, 0, 0, 0, 0, 0, 0, 0, 0, 0,
    0, 0, 0, 0, 0, 0, 0, 0, 0, 0, 0, 0, 0, 0, 0, 0,
    0, 0, 0, 0, 0, 0, 0, 0,
];

pub static case_map: [uint16; 4778] = [
    1, 2, 3, 4, 5, 6, 7, 8, 9, 10, 11, 12, 13, 14, 15, 16,
    17, 18, 19, 20, 21, 22, 23, 24, 25, 26, 27, 28, 29, 30, 31, 32,
    33, 34, 35, 36, 37, 38, 39, 40, 41, 42, 43, 44, 45, 46, 47, 48,
    49, 50, 51, 52, 53, 54, 55, 56, 57, 58, 59, 60, 61, 62, 63, 64,
    65, 66, 67, 68, 69, 70, 71, 72, 73, 74, 75, 76, 77, 78, 79, 80,
    81, 82, 83, 84, 85, 86, 87, 88, 89, 90, 91, 92, 93, 94, 95, 96,
    97, 98, 99, 100, 101, 102, 103, 104, 105, 106, 107, 108, 109, 110, 111, 112,
    113, 114, 115, 116, 117, 118, 119, 120, 121, 122, 123, 124, 125, 126, 127, 128,
    0, 0, 0, 0, 0, 0, 0, 0, 0, 0, 0, 0, 0, 0, 0, 0,
    0, 0, 0, 0, 0, 0, 0, 0, 0, 0, 0, 0, 0, 0, 0, 0,
    0, 0, 0, 0, 0, 0, 0, 0, 0, 0, 0, 0, 0, 0, 0, 0,
    0, 0, 0, 0, 0, 129, 0, 0, 0, 0, 0, 0, 0, 0, 0, 0,
    130, 131, 132, 133, 134, 135, 136, 137, 138, 139, 140, 141, 142, 143, 144, 145,
    146, 147, 148, 149, 150, 151, 152, 0, 153, 154, 155, 156, 157, 158, 159, 160,
    130, 131, 132, 133, 134, 135, 136, 137, 138, 139, 140, 141, 142, 143, 144, 145,
    146, 147, 148, 149, 150, 151, 152, 0, 153, 154, 155, 156, 157, 158, 159, 161,
    162, 162, 163, 163, 164, 164, 165, 165, 166, 166, 167, 167, 168, 168, 169, 169,
    170, 170, 171, 171, 172, 172, 173, 173, 174, 174, 175, 175, 176, 176, 177, 177,
    178, 178, 179, 179, 180, 180, 181, 181, 182, 182, 183, 183, 184, 184, 185, 185,
    186, 187, 188, 188, 189, 189, 190, 190, 0, 191, 191, 192, 192, 193, 193, 194,
    194, 195, 195, 196, 196, 197, 197, 198, 198, 199, 200, 200, 201, 201, 202, 202,
    203, 203, 204, 204, 205, 205, 206, 206, 207, 207, 208, 208, 209, 209, 210, 210,
    211, 211, 212, 212, 213, 213, 214, 214, 215, 215, 216, 216, 217, 217, 218, 218,
    219, 219, 220, 220, 221, 221, 222, 222, 161, 223, 223, 224, 224, 225, 225, 226,
    227, 228, 229, 229, 230, 230, 231, 232, 232, 233, 234, 235, 235, 0, 236, 237,
    238, 239, 239, 240, 241, 242, 243, 244, 245, 245, 246, 247, 248, 249, 250, 251,
    252, 252, 253, 253, 254, 254, 255, 256, 256, 257, 0, 0, 258, 258, 259, 260,
    260, 261, 262, 263, 263, 264, 264, 265, 266, 266, 0, 0, 267, 267, 0, 268,
    0, 0, 0, 0, 269, 269, 269, 270, 270, 270, 271, 271, 271, 272, 272, 273,
    273, 274, 274, 275, 275, 276, 276, 277, 277, 278, 278, 279, 279, 236, 280, 280,
    281, 281, 282, 282, 283, 283, 284, 284, 285, 285, 286, 286, 287, 287, 288, 288,
    289, 290, 290, 290, 291, 291, 242, 268, 292, 292, 293, 293, 294, 294, 295, 295,
    296, 296, 297, 297, 298, 298, 299, 299, 300, 300, 301, 301, 302, 302, 303, 303,
    304, 304, 305, 305, 306, 306, 307, 307, 308, 308, 309, 309, 310, 310, 311, 311,
    250, 0, 312, 312, 313, 313, 314, 314, 315, 315, 316, 316, 317, 317, 318, 318,
    319, 319, 320, 320, 0, 0, 0, 0, 0, 0, 321, 322, 322, 246, 323, 324,
    325, 326, 326, 227, 327, 328, 329, 329, 330, 330, 331, 331, 332, 332, 333, 333,
    334, 335, 336, 228, 231, 0, 233, 234, 0, 237, 0, 238, 337, 0, 0, 0,
    240, 338, 0, 241, 339, 340, 341, 0, 244, 243, 342, 343, 344, 0, 0, 248,
    0, 345, 249, 0, 0, 251, 0, 0, 0, 0, 0, 0, 0, 346, 0, 0,
    255, 0, 347, 257, 0, 0, 0, 348, 259, 327, 261, 262, 328, 0, 0, 0,
    0, 0, 265, 0, 0, 0, 0, 0, 0, 0, 0, 0, 0, 349, 350, 0,
    0, 0, 0, 0, 0, 0, 0, 0, 0, 0, 0, 0, 0, 0, 0, 0,
    0, 0, 0, 0, 0, 0, 0, 0, 0, 0, 0, 0, 0, 0, 0, 0,
    0, 0, 0, 0, 0, 0, 0, 0, 0, 0, 0, 0, 0, 0, 0, 0,
    0, 0, 0, 0, 0, 0, 0, 0, 0, 0, 0, 0, 0, 0, 0, 0,
    0, 0, 0, 0, 0, 0, 0, 0, 0, 0, 0, 0, 0, 0, 0, 0,
    0, 0, 0, 0, 0, 0, 0, 0, 0, 0, 0, 0, 0, 0, 0, 0,
    0, 0, 0, 0, 0, 0, 0, 0, 0, 0, 0, 0, 0, 0, 0, 0,
    0, 0, 0, 0, 0, 0, 0, 0, 0, 0, 0, 0, 0, 0, 0, 0,
    0, 0, 0, 0, 0, 0, 0, 0, 0, 0, 0, 0, 0, 0, 0, 0,
    0, 0, 0, 0, 0, 0, 0, 0, 0, 0, 0, 0, 0, 0, 0, 0,
    0, 0, 0, 0, 0, 351, 0, 0, 0, 0, 0, 0, 0, 0, 0, 0,
    0, 0, 0, 0, 0, 0, 0, 0, 0, 0, 0, 0, 0, 0, 0, 0,
    0, 0, 0, 0, 0, 0, 0, 0, 0, 0, 0, 0, 0, 0, 0, 0,
    352, 352, 353, 353, 0, 0, 354, 354, 0, 0, 0, 355, 356, 357, 0, 358,
    0, 0, 0, 0, 0, 0, 359, 0, 360, 361, 362, 0, 363, 0, 364, 365,
    366, 367, 368, 369, 370, 371, 372, 373, 374, 375, 376, 377, 378, 379, 380, 381,
    382, 383, 0, 384, 385, 386, 387, 388, 389, 390, 391, 392, 359, 360, 361, 362,
    393, 367, 368, 369, 370, 371, 372, 373, 374, 375, 376, 377, 378, 379, 380, 381,
    382, 383, 394, 395, 385, 386, 387, 388, 389, 390, 391, 392, 363, 364, 365, 396,
    397, 398, 0, 0, 0, 399, 400, 396, 401, 401, 402, 402, 403, 403, 404, 404,
    405, 405, 406, 406, 407, 407, 408, 408, 409, 409, 410, 410, 411, 411, 412, 412,
    413, 414, 415, 358, 416, 417, 0, 418, 418, 415, 419, 419, 0, 355, 356, 357,
    420, 421, 422, 423, 424, 425, 426, 427, 428, 429, 430, 431, 432, 433, 434, 435,
    436, 437, 438, 439, 440, 441, 442, 443, 444, 445, 446, 447, 448, 449, 450, 451,
    452, 453, 454, 455, 456, 457, 458, 459, 460, 461, 462, 463, 464, 465, 466, 467,
    436, 437, 438, 439, 440, 441, 442, 443, 444, 445, 446, 447, 448, 449, 450, 451,
    452, 453, 454, 455, 456, 457, 458, 459, 460, 461, 462, 463, 464, 465, 466, 467,
    420, 421, 422, 423, 424, 425, 426, 427, 428, 429, 430, 431, 432, 433, 434, 435,
    468, 468, 469, 469, 470, 470, 471, 471, 472, 472, 473, 473, 474, 474, 475, 475,
    476, 476, 477, 477, 478, 478, 479, 479, 480, 480, 481, 481, 482, 482, 483, 483,
    484, 484, 0, 0, 0, 0, 0, 0, 0, 0, 485, 485, 486, 486, 487, 487,
    488, 488, 489, 489, 490, 490, 491, 491, 492, 492, 493, 493, 494, 494, 495, 495,
    496, 496, 497, 497, 498, 498, 499, 499, 500, 500, 501, 501, 502, 502, 503, 503,
    504, 504, 505, 505, 506, 506, 507, 507, 508, 508, 509, 509, 510, 510, 511, 511,
    512, 513, 513, 514, 514, 515, 515, 516, 516, 517, 517, 518, 518, 519, 519, 512,
    520, 520, 521, 521, 522, 522, 523, 523, 524, 524, 525, 525, 526, 526, 527, 527,
    528, 528, 529, 529, 530, 530, 531, 531, 532, 532, 533, 533, 534, 534, 535, 535,
    536, 536, 537, 537, 538, 538, 539, 539, 540, 540, 541, 541, 542, 542, 543, 543,
    544, 544, 545, 545, 546, 546, 547, 547, 548, 548, 549, 549, 550, 550, 551, 551,
    552, 552, 553, 553, 554, 554, 555, 555, 556, 556, 557, 557, 558, 558, 559, 559,
    560, 560, 561, 561, 562, 562, 563, 563, 564, 564, 565, 565, 566, 566, 567, 567,
    0, 568, 569, 570, 571, 572, 573, 574, 575, 576, 577, 578, 579, 580, 581, 582,
    583, 584, 585, 586, 587, 588, 589, 590, 591, 592, 593, 594, 595, 596, 597, 598,
    599, 600, 601, 602, 603, 604, 605, 0, 0, 0, 0, 0, 0, 0, 0, 0,
    0, 568, 569, 570, 571, 572, 573, 574, 575, 576, 577, 578, 579, 580, 581, 582,
    583, 584, 585, 586, 587, 588, 589, 590, 591, 592, 593, 594, 595, 596, 597, 598,
    599, 600, 601, 602, 603, 604, 605, 606, 607, 608, 609, 610, 611, 612, 613, 614,
    615, 616, 617, 618, 619, 620, 621, 622, 623, 624, 625, 626, 627, 628, 629, 630,
    631, 632, 633, 634, 635, 636, 637, 638, 639, 640, 641, 642, 643, 644, 0, 645,
    0, 0, 0, 0, 0, 646, 0, 0, 647, 648, 649, 650, 651, 652, 653, 654,
    655, 656, 657, 658, 659, 660, 661, 662, 663, 664, 665, 666, 667, 668, 669, 670,
    671, 672, 673, 674, 675, 676, 677, 678, 679, 680, 681, 682, 683, 684, 685, 686,
    687, 688, 689, 0, 0, 690, 691, 692, 693, 694, 695, 696, 697, 698, 699, 700,
    701, 702, 703, 704, 705, 706, 707, 708, 709, 710, 711, 712, 713, 714, 715, 716,
    717, 718, 719, 720, 721, 722, 723, 724, 725, 726, 727, 728, 729, 730, 731, 732,
    733, 734, 735, 736, 737, 738, 739, 740, 741, 742, 743, 744, 745, 746, 747, 748,
    749, 750, 751, 752, 753, 754, 755, 756, 757, 758, 759, 760, 761, 762, 763, 764,
    765, 766, 767, 768, 769, 770, 771, 772, 773, 774, 775, 776, 777, 778, 0, 0,
    773, 774, 775, 776, 777, 778, 779, 780, 781, 782, 783, 784, 785, 786, 787, 788,
    788, 0, 0, 0, 0, 0, 789, 790, 791, 792, 793, 794, 795, 796, 797, 798,
    799, 800, 801, 802, 803, 804, 805, 806, 807, 808, 809, 810, 811, 812, 813, 814,
    815, 816, 817, 818, 819, 820, 821, 822, 823, 824, 825, 826, 827, 828, 829, 830,
    831, 0, 0, 832, 833, 834, 0, 0, 0, 0, 0, 0, 0, 0, 0, 0,
    0, 0, 0, 0, 0, 0, 0, 0, 0, 0, 0, 0, 0, 0, 0, 0,
    0, 0, 0, 0, 0, 0, 0, 0, 0, 0, 0, 0, 0, 0, 0, 0,
    0, 0, 0, 0, 0, 0, 0, 0, 0, 0, 0, 0, 0, 0, 0, 0,
    0, 0, 0, 0, 0, 0, 0, 0, 0, 0, 0, 0, 0, 0, 0, 0,
    0, 0, 0, 0, 0, 0, 0, 0, 0, 0, 0, 0, 0, 0, 0, 0,
    0, 0, 0, 0, 0, 0, 0, 0, 0, 0, 0, 0, 0, 0, 0, 0,
    0, 0, 0, 0, 0, 0, 0, 0, 0, 0, 0, 0, 0, 0, 0, 0,
    0, 0, 0, 0, 0, 0, 0, 0, 0, 0, 0, 0, 0, 0, 0, 0,
    0, 0, 0, 0, 0, 0, 0, 0, 0, 0, 0, 0, 0, 0, 0, 0,
    0, 0, 0, 0, 0, 0, 0, 0, 0, 0, 0, 0, 0, 0, 0, 0,
    0, 0, 0, 0, 0, 0, 0, 0, 0, 0, 0, 0, 0, 0, 0, 835,
    0, 0, 0, 836, 0, 0, 0, 0, 0, 0, 0, 0, 0, 0, 0, 0,
    0, 0, 0, 0, 837, 0, 0, 0, 0, 0, 0, 0, 0, 0, 0, 0,
    0, 0, 0, 0, 0, 0, 0, 0, 0, 0, 0, 0, 0, 0, 0, 0,
    0, 0, 0, 0, 0, 0, 0, 0, 0, 0, 0, 0, 0, 0, 0, 0,
    0, 0, 0, 0, 0, 0, 0, 0, 0, 0, 0, 0, 0, 0, 0, 0,
    0, 0, 0, 0, 0, 0, 0, 0, 0, 0, 0, 0, 0, 0, 0, 0,
    0, 0, 0, 0, 0, 0, 0, 0, 0, 0, 0, 0, 0, 0, 0, 0,
    0, 0, 0, 0, 0, 0, 0, 0, 0, 0, 0, 0, 0, 0, 0, 0,
    0, 0, 0, 0, 0, 0, 838, 838, 839, 839, 840, 840, 841, 841, 842, 842,
    843, 843, 844, 844, 845, 845, 846, 846, 847, 847, 848, 848, 849, 849, 850, 850,
    851, 851, 852, 852, 853, 853, 854, 854, 855, 855, 856, 856, 857, 857, 858, 858,
    859, 859, 860, 860, 861, 861, 862, 862, 863, 863, 864, 864, 865, 865, 866, 866,
    867, 867, 868, 868, 869, 869, 870, 870, 871, 871, 872, 872, 873, 873, 874, 874,
    875, 875, 876, 876, 877, 877, 878, 878, 879, 879, 880, 880, 881, 881, 882, 882,
    883, 883, 884, 884, 885, 885, 886, 886, 887, 887, 888, 888, 889, 889, 890, 890,
    891, 891, 892, 892, 893, 893, 894, 894, 895, 895, 896, 896, 897, 897, 898, 898,
    899, 899, 900, 900, 901, 901, 902, 902, 903, 903, 904, 904, 905, 905, 906, 906,
    907, 907, 908, 908, 909, 909, 910, 910, 911, 911, 912, 912, 913, 914, 915, 916,
    917, 918, 0, 0, 919, 0, 920, 920, 921, 921, 922, 922, 923, 923, 924, 924,
    925, 925, 926, 926, 927, 927, 928, 928, 929, 929, 930, 930, 931, 931, 932, 932,
    933, 933, 934, 934, 935, 935, 936, 936, 937, 937, 938, 938, 939, 939, 940, 940,
    941, 941, 942, 942, 943, 943, 944, 944, 945, 945, 946, 946, 947, 947, 948, 948,
    949, 949, 950, 950, 951, 951, 952, 952, 953, 953, 954, 954, 955, 955, 956, 956,
    957, 957, 958, 958, 959, 959, 960, 960, 961, 961, 962, 962, 963, 963, 964, 964,
    965, 965, 966, 966, 967, 967, 968, 969, 970, 971, 972, 973, 974, 975, 968, 969,
    970, 971, 972, 973, 974, 975, 976, 977, 978, 979, 980, 981, 0, 0, 976, 977,
    978, 979, 980, 981, 0, 0, 982, 983, 984, 985, 986, 987, 988, 989, 982, 983,
    984, 985, 986, 987, 988, 989, 990, 991, 992, 993, 994, 995, 996, 997, 990, 991,
    992, 993, 994, 995, 996, 997, 998, 999, 1000, 1001, 1002, 1003, 0, 0, 998, 999,
    1000, 1001, 1002, 1003, 0, 0, 1004, 1005, 1006, 1007, 1008, 1009, 1010, 1011, 0, 1005,
    0, 1007, 0, 1009, 0, 1011, 1012, 1013, 1014, 1015, 1016, 1017, 1018, 1019, 1012, 1013,
    1014, 1015, 1016, 1017, 1018, 1019, 1020, 1021, 1022, 1023, 1024, 1025, 1026, 1027, 1028, 1029,
    1030, 1031, 1032, 1033, 0, 0, 1034, 1035, 1036, 1037, 1038, 1039, 1040, 1041, 1042, 1043,
    1044, 1045, 1046, 1047, 1048, 1049, 1050, 1051, 1052, 1053, 1054, 1055, 1056, 1057, 1058, 1059,
    1060, 1061, 1062, 1063, 1064, 1065, 1066, 1067, 1068, 1069, 1070, 1071, 1072, 1073, 1074, 1075,
    1076, 1077, 1078, 1079, 1080, 1081, 1082, 1083, 1084, 1085, 1086, 0, 1087, 1088, 1082, 1083,
    1020, 1021, 1089, 0, 1090, 0, 0, 0, 1091, 1092, 1093, 0, 1094, 1095, 1022, 1023,
    1024, 1025, 1096, 0, 0, 0, 1097, 1098, 1099, 1100, 0, 0, 1101, 1102, 1097, 1098,
    1026, 1027, 0, 0, 0, 0, 1103, 1104, 1105, 1106, 1107, 1108, 1109, 1110, 1103, 1104,
    1030, 1031, 1108, 0, 0, 0, 0, 0, 1111, 1112, 1113, 0, 1114, 1115, 1028, 1029,
    1032, 1033, 1116, 0, 0, 0, 0, 0, 0, 0, 0, 0, 0, 0, 0, 0,
    0, 0, 0, 0, 0, 0, 0, 0, 0, 0, 0, 0, 0, 0, 0, 0,
    0, 0, 0, 0, 0, 0, 0, 0, 0, 0, 0, 0, 0, 0, 0, 0,
    0, 0, 0, 0, 0, 0, 0, 0, 0, 0, 0, 0, 0, 0, 0, 0,
    0, 0, 0, 0, 0, 0, 0, 0, 0, 0, 0, 0, 0, 0, 0, 0,
    0, 0, 0, 0, 0, 0, 0, 0, 0, 0, 0, 0, 0, 0, 0, 0,
    0, 0, 0, 0, 0, 0, 0, 0, 0, 0, 0, 0, 0, 0, 0, 0,
    0, 0, 0, 0, 0, 0, 0, 0, 0, 0, 0, 0, 0, 0, 0, 0,
    0, 0, 0, 0, 0, 0, 0, 0, 0, 0, 0, 0, 0, 0, 0, 0,
    0, 0, 0, 0, 0, 0, 0, 0, 0, 0, 0, 0, 0, 0, 0, 0,
    0, 0, 0, 0, 0, 0, 0, 0, 0, 0, 0, 0, 0, 0, 0, 0,
    0, 0, 0, 0, 0, 0, 0, 0, 0, 0, 0, 0, 0, 0, 0, 0,
    0, 0, 0, 0, 0, 0, 0, 0, 0, 0, 0, 0, 0, 0, 0, 0,
    0, 0, 0, 0, 0, 0, 0, 0, 0, 0, 0, 0, 0, 0, 0, 0,
    0, 0, 0, 0, 0, 0, 0, 0, 0, 0, 0, 0, 0, 0, 0, 0,
    0, 0, 0, 0, 0, 0, 0, 0, 0, 0, 0, 0, 0, 0, 0, 0,
    0, 0, 0, 0, 0, 0, 0, 0, 0, 0, 0, 0, 0, 0, 0, 0,
    0, 0, 0, 0, 0, 0, 0, 0, 0, 0, 0, 0, 0, 0, 0, 0,
    0, 0, 0, 0, 0, 0, 0, 0, 0, 0, 0, 0, 1117, 0, 0, 0,
    1118, 1119, 0, 0, 0, 0, 0, 0, 1120, 0, 0, 0, 0, 0, 0, 0,
    0, 0, 0, 0, 0, 0, 0, 0, 0, 0, 0, 0, 0, 0, 0, 0,
    0, 0, 0, 0, 1120, 0, 0, 0, 0, 0, 0, 0, 0, 0, 0, 0,
    0, 0, 0, 0, 0, 0, 1121, 1122, 1123, 1124, 1125, 1126, 1127, 1128, 1129, 1130,
    1131, 1132, 1133, 1134, 1135, 1136, 1121, 1122, 1123, 1124, 1125, 1126, 1127, 1128, 1129, 1130,
    1131, 1132, 1133, 1134, 1135, 1136, 0, 0, 0, 1137, 1137, 1138, 1139, 1140, 1141, 1142,
    1143, 1144, 1145, 1146, 1147, 1148, 1149, 1150, 1151, 1152, 1153, 1154, 1155, 1156, 1157, 1158,
    1159, 1160, 1161, 1162, 1163, 1138, 1139, 1140, 1141, 1142, 1143, 1144, 1145, 1146, 1147, 1148,
    1149, 1150, 1151, 1152, 1153, 1154, 1155, 1156, 1157, 1158, 1159, 1160, 1161, 1162, 1163, 1164,
    1165, 1166, 1167, 1168, 1169, 1170, 1171, 1172, 1173, 1174, 1175, 1176, 1177, 1178, 1179, 1180,
    1181, 1182, 1183, 1184, 1185, 1186, 1187, 1188, 1189, 1190, 1191, 1192, 1193, 1194, 1195, 1196,
    1197, 1198, 1199, 1200, 1201, 1202, 1203, 1204, 1205, 1206, 1207, 1208, 1209, 1210, 1211, 1164,
    1165, 1166, 1167, 1168, 1169, 1170, 1171, 1172, 1173, 1174, 1175, 1176, 1177, 1178, 1179, 1180,
    1181, 1182, 1183, 1184, 1185, 1186, 1187, 1188, 1189, 1190, 1191, 1192, 1193, 1194, 1195, 1196,
    1197, 1198, 1199, 1200, 1201, 1202, 1203, 1204, 1205, 1206, 1207, 1208, 1209, 1210, 1211, 1212,
    1212, 343, 836, 346, 321, 323, 1213, 1213, 1214, 1214, 1215, 1215, 335, 345, 334, 336,
    0, 1216, 1216, 0, 1217, 1217, 0, 0, 0, 0, 0, 0, 0, 324, 325, 1218,
    1218, 1219, 1219, 1220, 1220, 1221, 1221, 1222, 1222, 1223, 1223, 1224, 1224, 1225, 1225, 1226,
    1226, 1227, 1227, 1228, 1228, 1229, 1229, 1230, 1230, 1231, 1231, 1232, 1232, 1233, 1233, 1234,
    1234, 1235, 1235, 1236, 1236, 1237, 1237, 1238, 1238, 1239, 1239, 1240, 1240, 1241, 1241, 1242,
    1242, 1243, 1243, 1244, 1244, 1245, 1245, 1246, 1246, 1247, 1247, 1248, 1248, 1249, 1249, 1250,
    1250, 1251, 1251, 1252, 1252, 1253, 1253, 1254, 1254, 1255, 1255, 1256, 1256, 1257, 1257, 1258,
    1258, 1259, 1259, 1260, 1260, 1261, 1261, 1262, 1262, 1263, 1263, 1264, 1264, 1265, 1265, 1266,
    1266, 1267, 1267, 0, 0, 0, 0, 0, 0, 0, 1268, 1268, 1269, 1269, 0, 0,
    0, 1270, 1270, 0, 0, 0, 0, 0, 0, 0, 0, 0, 0, 0, 0, 607,
    608, 609, 610, 611, 612, 613, 614, 615, 616, 617, 618, 619, 620, 621, 622, 623,
    624, 625, 626, 627, 628, 629, 630, 631, 632, 633, 634, 635, 636, 637, 638, 639,
    640, 641, 642, 643, 644, 0, 645, 0, 0, 0, 0, 0, 646, 1271, 1271, 1272,
    1272, 1273, 1273, 1274, 1274, 1275, 1275, 1276, 1276, 1277, 1277, 1278, 1278, 1279, 1279, 1280,
    1280, 1281, 1281, 1282, 1282, 1283, 1283, 1284, 1284, 1285, 1285, 1286, 1286, 1287, 1287, 1288,
    1288, 1289, 1289, 1290, 1290, 1291, 1291, 1292, 1292, 1293, 1293, 0, 0, 0, 0, 0,
    0, 0, 0, 0, 0, 0, 0, 0, 0, 0, 0, 0, 0, 1294, 1294, 1295,
    1295, 1296, 1296, 1297, 1297, 1298, 1298, 1299, 1299, 1300, 1300, 1301, 1301, 1302, 1302, 1303,
    1303, 1304, 1304, 1305, 1305, 1306, 1306, 1307, 1307, 0, 0, 0, 0, 0, 0, 0,
    0, 0, 0, 0, 0, 0, 0, 0, 0, 0, 0, 0, 0, 0, 0, 0,
    0, 0, 0, 0, 0, 0, 0, 0, 0, 0, 0, 0, 0, 0, 0, 0,
    0, 0, 0, 0, 0, 0, 0, 0, 0, 0, 0, 0, 0, 0, 0, 0,
    0, 0, 0, 0, 0, 0, 0, 0, 0, 0, 0, 0, 0, 0, 0, 0,
    0, 0, 0, 0, 0, 0, 0, 0, 0, 0, 0, 0, 0, 0, 0, 0,
    0, 0, 0, 0, 0, 0, 0, 0, 0, 0, 0, 0, 0, 0, 0, 0,
    0, 0, 0, 0, 0, 0, 0, 0, 0, 0, 0, 0, 0, 0, 0, 0,
    0, 0, 0, 0, 0, 0, 0, 0, 0, 0, 0, 0, 0, 0, 0, 1308,
    1308, 1309, 1309, 1310, 1310, 1311, 1311, 1312, 1312, 1313, 1313, 1314, 1314, 0, 0, 1315,
    1315, 1316, 1316, 1317, 1317, 1318, 1318, 1319, 1319, 1320, 1320, 1321, 1321, 1322, 1322, 1323,
    1323, 1324, 1324, 1325, 1325, 1326, 1326, 1327, 1327, 1328, 1328, 1329, 1329, 1330, 1330, 1331,
    1331, 1332, 1332, 1333, 1333, 1334, 1334, 1335, 1335, 1336, 1336, 1337, 1337, 1338, 1338, 1339,
    1339, 1340, 1340, 1341, 1341, 1342, 1342, 1343, 1343, 1344, 1344, 1345, 1345, 0, 0, 0,
    0, 0, 0, 0, 0, 0, 1346, 1346, 1347, 1347, 835, 1348, 1348, 1349, 1349, 1350,
    1350, 1351, 1351, 1352, 1352, 0, 0, 0, 1353, 1353, 340, 0, 0, 1354, 1354, 1355,
    1355, 1356, 0, 1357, 1357, 1358, 1358, 1359, 1359, 1360, 1360, 1361, 1361, 1362, 1362, 1363,
    1363, 1364, 1364, 1365, 1365, 1366, 1366, 341, 337, 338, 344, 342, 0, 350, 348, 349,
    1367, 1368, 1368, 1369, 1369, 1370, 1370, 1371, 1371, 1372, 1372, 1373, 1373, 1374, 1374, 1375,
    1375, 1356, 347, 837, 1376, 1376, 1377, 1377, 339, 1378, 1378, 0, 0, 1379, 1379, 0,
    0, 0, 0, 1380, 1380, 1381, 1381, 1382, 1382, 247, 0, 0, 0, 0, 0, 0,
    0, 0, 0, 0, 0, 0, 0, 0, 0, 0, 0, 0, 0, 0, 0, 0,
    0, 0, 1383, 1383, 1367, 0, 0, 0, 0, 0, 0, 0, 0, 0, 0, 0,
    0, 0, 0, 0, 0, 0, 0, 0, 0, 0, 0, 0, 0, 0, 0, 0,
    0, 693, 694, 695, 696, 697, 698, 699, 700, 701, 702, 703, 704, 705, 706, 707,
    708, 709, 710, 711, 712, 713, 714, 715, 716, 717, 718, 719, 720, 721, 722, 723,
    724, 725, 726, 727, 728, 729, 730, 731, 732, 733, 734, 735, 736, 737, 738, 739,
    740, 741, 742, 743, 744, 745, 746, 747, 748, 749, 750, 751, 752, 753, 754, 755,
    756, 757, 758, 759, 760, 761, 762, 763, 764, 765, 766, 767, 768, 769, 770, 771,
    772, 1384, 1385, 1386, 1387, 1388, 1389, 1390, 0, 0, 0, 0, 0, 0, 0, 0,
    0, 0, 0, 0, 1391, 1392, 1393, 1394, 1395, 1396, 1397, 1398, 1399, 1400, 1401, 1402,
    1403, 1404, 1405, 1406, 1407, 1408, 1409, 1410, 1411, 1412, 1413, 1414, 1415, 1416, 1417, 1418,
    1419, 1420, 1421, 0, 0, 0, 0, 0, 0, 1396, 1397, 1398, 1399, 1400, 1401, 1402,
    1403, 1404, 1405, 1406, 1407, 1408, 1409, 1410, 1411, 1412, 1413, 1414, 1415, 1416, 1417, 1418,
    1419, 1420, 1421, 1422, 1423, 1424, 1425, 1426, 1427, 1428, 1429, 1430, 1431, 1432, 1433, 1434,
    1435, 1436, 1437, 1438, 1439, 1440, 1441, 1442, 1443, 1444, 1445, 1446, 1447, 1448, 1449, 1450,
    1451, 1452, 1453, 1454, 1455, 1456, 1457, 1458, 1459, 1460, 1461, 1422, 1423, 1424, 1425, 1426,
    1427, 1428, 1429, 1430, 1431, 1432, 1433, 1434, 1435, 1436, 1437, 1438, 1439, 1440, 1441, 1442,
    1443, 1444, 1445, 1446, 1447, 1448, 1449, 1450, 1451, 1452, 1453, 1454, 1455, 1456, 1457, 1458,
    1459, 1460, 1461, 0, 0, 0, 0, 0, 0, 0, 0, 0, 0, 0, 0, 0,
    0, 0, 0, 0, 0, 0, 0, 0, 0, 0, 0, 0, 0, 0, 0, 0,
    0, 0, 0, 0, 0, 0, 0, 0, 0, 0, 0, 0, 0, 0, 0, 0,
    0, 0, 0, 0, 0, 0, 0, 0, 0, 0, 0, 0, 0, 0, 0, 0,
    0, 0, 0, 0, 0, 0, 0, 0, 0, 0, 0, 0, 0, 0, 0, 0,
    0, 0, 0, 0, 0, 0, 0, 0, 0, 0, 0, 0, 0, 0, 0, 0,
    0, 0, 0, 1462, 1463, 1464, 1465, 1466, 1467, 1468, 1469, 1470, 1471, 1472, 1473, 1474,
    1475, 1476, 1477, 1478, 1479, 1480, 1481, 1482, 1483, 1484, 1485, 1486, 1487, 1488, 1489, 1490,
    1491, 1492, 1493, 1494, 1495, 1496, 1497, 0, 0, 0, 0, 1462, 1463, 1464, 1465, 1466,
    1467, 1468, 1469, 1470, 1471, 1472, 1473, 1474, 1475, 1476, 1477, 1478, 1479, 1480, 1481, 1482,
    1483, 1484, 1485, 1486, 1487, 1488, 1489, 1490, 1491, 1492, 1493, 1494, 1495, 1496, 1497, 0,
    0, 0, 0, 0, 0, 0, 0, 0, 0, 0, 0, 0, 0, 0, 0, 0,
    0, 0, 0, 0, 0, 0, 0, 0, 0, 0, 0, 0, 0, 0, 0, 0,
    0, 0, 0, 0, 0, 0, 0, 0, 0, 0, 0, 0, 0, 0, 0, 0,
    0, 0, 0, 0, 0, 0, 0, 0, 0, 0, 0, 0, 0, 0, 0, 0,
    0, 0, 0, 0, 0, 0, 0, 0, 0, 0, 0, 0, 0, 0, 0, 0,
    0, 0, 0, 0, 0, 0, 0, 0, 0, 0, 0, 0, 0, 0, 0, 0,
    0, 0, 0, 0, 0, 0, 0, 0, 0, 0, 0, 0, 0, 0, 0, 0,
    0, 0, 0, 1498, 1499, 1500, 1501, 1502, 1503, 1504, 1505, 1506, 1507, 1508, 0, 1509,
    1510, 1511, 1512, 1513, 1514, 1515, 1516, 1517, 1518, 1519, 1520, 1521, 1522, 1523, 0, 1524,
    1525, 1526, 1527, 1528, 1529, 1530, 0, 1531, 1532, 0, 1498, 1499, 1500, 1501, 1502, 1503,
    1504, 1505, 1506, 1507, 1508, 0, 1509, 1510, 1511, 1512, 1513, 1514, 1515, 1516, 1517, 1518,
    1519, 1520, 1521, 1522, 1523, 0, 1524, 1525, 1526, 1527, 1528, 1529, 1530, 0, 1531, 1532,
    1533, 1534, 1535, 1536, 1537, 1538, 1539, 1540, 1541, 1542, 1543, 1544, 1545, 1546, 1547, 1548,
    1549, 1550, 1551, 1552, 1553, 1554, 1555, 1556, 1557, 1558, 1559, 1560, 1561, 1562, 1563, 1564,
    1565, 1566, 1567, 1568, 1569, 1570, 1571, 1572, 1573, 1574, 1575, 1576, 1577, 1578, 1579, 1580,
    1581, 1582, 1583, 0, 0, 0, 0, 0, 0, 0, 0, 0, 0, 0, 0, 0,
    1533, 1534, 1535, 1536, 1537, 1538, 1539, 1540, 1541, 1542, 1543, 1544, 1545, 1546, 1547, 1548,
    1549, 1550, 1551, 1552, 1553, 1554, 1555, 1556, 1557, 1558, 1559, 1560, 1561, 1562, 1563, 1564,
    1565, 1566, 1567, 1568, 1569, 1570, 1571, 1572, 1573, 1574, 1575, 1576, 1577, 1578, 1579, 1580,
    1581, 1582, 1583, 0, 0, 0, 0, 0, 0, 0, 0, 0, 0, 0, 0, 0,
    0, 0, 0, 0, 0, 0, 0, 0, 0, 0, 0, 0, 0, 0, 0, 0,
    0, 0, 0, 0, 0, 0, 0, 0, 0, 0, 0, 0, 0, 0, 0, 0,
    0, 0, 0, 0, 0, 0, 0, 0, 0, 0, 0, 0, 0, 0, 0, 0,
    0, 0, 0, 0, 0, 0, 0, 0, 0, 0, 0, 0, 0, 0, 0, 0,
    0, 0, 0, 0, 0, 0, 0, 0, 0, 0, 0, 0, 0, 0, 0, 0,
    1584, 1585, 1586, 1587, 1588, 1589, 1590, 1591, 1592, 1593, 1594, 1595, 1596, 1597, 1598, 1599,
    1600, 1601, 1602, 1603, 1604, 1605, 0, 0, 0, 0, 0, 0, 0, 0, 0, 0,
    1584, 1585, 1586, 1587, 1588, 1589, 1590, 1591, 1592, 1593, 1594, 1595, 1596, 1597, 1598, 1599,
    1600, 1601, 1602, 1603, 1604, 1605, 1606, 1607, 1608, 1609, 1610, 1611, 1612, 1613, 1614, 1615,
    1616, 1617, 1618, 1619, 1620, 1621, 1622, 1623, 1624, 1625, 1626, 1627, 1628, 1629, 1630, 1631,
    1632, 1633, 1634, 1635, 1636, 1637, 1606, 1607, 1608, 1609, 1610, 1611, 1612, 1613, 1614, 1615,
    1616, 1617, 1618, 1619, 1620, 1621, 1622, 1623, 1624, 1625, 1626, 1627, 1628, 1629, 1630, 1631,
    1632, 1633, 1634, 1635, 1636, 1637, 1638, 1639, 1640, 1641, 1642, 1643, 1644, 1645, 1646, 1647,
    1648, 1649, 1650, 1651, 1652, 1653, 1654, 1655, 1656, 1657, 1658, 1659, 1660, 1661, 1662, 1663,
    1664, 1665, 1666, 1667, 1668, 1669, 1638, 1639, 1640, 1641, 1642, 1643, 1644, 1645, 1646, 1647,
    1648, 1649, 1650, 1651, 1652, 1653, 1654, 1655, 1656, 1657, 1658, 1659, 1660, 1661, 1662, 1663,
    1664, 1665, 1666, 1667, 1668, 1669, 1670, 1671, 1672, 1673, 1674, 1675, 1676, 1677, 1678, 1679,
    1680, 1681, 1682, 1683, 1684, 1685, 1686, 1687, 1688, 1689, 1690, 1691, 1692, 1693, 1694, 1695,
    1696, 1697, 1698, 1699, 1700, 1701, 1702, 1703, 1670, 1671, 1672, 1673, 1674, 1675, 1676, 1677,
    1678, 1679, 1680, 1681, 1682, 1683, 1684, 1685, 1686, 1687, 1688, 1689, 1690, 1691, 1692, 1693,
    1694, 1695, 1696, 1697, 1698, 1699, 1700, 1701, 1702, 1703,
];
